timestamp,tps,kB_read/s,kB_wrtn/s,kB_dscd/s,kB_read,kB_wrtn,kB_dscd
1621811685,5.50,0.16,142.00,0.00,61416,53118400,0
1621811686,5.50,0.16,142.00,0.00,61416,53118400,0
1621811687,5.50,0.16,142.00,0.00,61416,53118400,0
1621811688,5.50,0.16,142.00,0.00,61416,53118400,0
1621811689,5.50,0.16,142.00,0.00,61416,53118400,0
1621811690,5.50,0.16,142.00,0.00,61416,53118400,0
1621811691,5.50,0.16,142.00,0.00,61416,53118400,0
1621811692,5.50,0.16,142.00,0.00,61416,53118400,0
1621811693,5.50,0.16,142.00,0.00,61416,53118400,0
1621811694,5.50,0.16,142.00,0.00,61416,53118400,0
1621811695,5.50,0.16,142.00,0.00,61416,53118400,0
1621811696,5.50,0.16,142.00,0.00,61416,53118400,0
1621811697,5.50,0.16,142.00,0.00,61416,53118400,0
1621811698,5.50,0.16,142.00,0.00,61416,53118868,0
1621811699,5.50,0.16,142.00,0.00,61416,53118868,0
1621811700,5.50,0.16,142.00,0.00,61416,53118868,0
1621811701,5.50,0.16,142.00,0.00,61416,53118880,0
1621811702,5.50,0.16,142.21,0.00,61416,53199124,0
1621811703,5.50,0.16,142.21,0.00,61416,53199124,0
1621811704,5.50,0.16,142.21,0.00,61416,53199124,0
1621811705,5.50,0.16,142.21,0.00,61416,53199124,0
1621811706,5.50,0.16,142.21,0.00,61416,53199160,0
1621811707,5.50,0.16,142.21,0.00,61416,53199160,0
1621811708,5.50,0.16,142.21,0.00,61416,53199160,0
1621811709,5.50,0.16,142.21,0.00,61416,53199160,0
1621811710,5.50,0.16,142.21,0.00,61416,53199160,0
1621811711,5.50,0.16,142.21,0.00,61416,53199160,0
1621811712,5.50,0.16,142.21,0.00,61416,53199160,0
1621811713,5.50,0.16,142.21,0.00,61416,53199160,0
1621811714,5.50,0.16,142.20,0.00,61416,53199160,0
1621811715,5.50,0.16,142.20,0.00,61416,53199160,0
1621811716,5.50,0.16,142.20,0.00,61416,53199160,0
1621811717,5.50,0.16,142.20,0.00,61416,53199160,0
1621811718,5.50,0.16,142.20,0.00,61416,53199160,0
1621811719,5.50,0.16,142.20,0.00,61416,53199160,0
1621811720,5.50,0.16,142.20,0.00,61416,53199160,0
1621811721,5.50,0.16,142.20,0.00,61416,53199160,0
1621811722,5.50,0.16,142.20,0.00,61416,53199160,0
1621811723,5.50,0.16,142.20,0.00,61416,53199160,0
1621811724,5.50,0.16,142.20,0.00,61416,53199160,0
1621811725,5.50,0.16,142.20,0.00,61416,53199160,0
1621811726,5.50,0.16,142.20,0.00,61416,53199160,0
1621811727,5.50,0.16,142.20,0.00,61416,53199160,0
1621811728,5.50,0.16,142.20,0.00,61416,53199600,0
1621811729,5.50,0.16,142.20,0.00,61416,53199600,0
1621811730,5.50,0.16,142.20,0.00,61416,53199600,0
1621811731,5.50,0.16,142.22,0.00,61416,53207784,0
1621811732,5.50,0.16,142.47,0.00,61416,53299108,0
1621811733,5.50,0.16,142.57,0.00,61416,53336636,0
1621811734,5.50,0.16,142.67,0.00,61416,53377040,0
1621811735,5.50,0.16,142.79,0.00,61416,53422540,0
1621811736,5.50,0.16,142.90,0.00,61416,53461304,0
1621811737,5.50,0.16,143.02,0.00,61416,53507860,0
1621811738,5.50,0.16,143.11,0.00,61416,53541676,0
1621811739,5.51,0.16,143.25,0.00,61416,53594288,0
1621811740,5.51,0.16,143.38,0.00,61416,53643732,0
1621811741,5.51,0.16,143.57,0.00,61416,53712900,0
1621811742,5.51,0.16,143.73,0.00,61416,53774528,0
1621811743,5.51,0.16,143.91,0.00,61416,53841496,0
1621811744,5.51,0.16,144.03,0.00,61416,53885116,0
1621811745,5.51,0.16,144.13,0.00,61416,53923876,0
1621811746,5.52,0.16,144.24,0.00,61416,53966756,0
1621811747,5.52,0.16,144.38,0.00,61416,54016256,0
1621811748,5.52,0.16,144.58,0.00,61416,54090740,0
1621811749,5.52,0.16,144.72,0.00,61416,54145060,0
1621811750,5.52,0.16,144.88,0.00,61416,54206792,0
1621811751,5.52,0.16,145.07,0.00,61416,54276968,0
1621811752,5.52,0.16,145.23,0.00,61416,54334624,0
1621811753,5.52,0.16,145.40,0.00,61416,54399052,0
1621811754,5.53,0.16,145.60,0.00,61416,54476652,0
1621811755,5.53,0.16,145.80,0.00,61416,54551092,0
1621811756,5.53,0.16,145.99,0.00,61416,54622060,0
1621811757,5.53,0.16,146.21,0.00,61416,54702368,0
1621811758,5.53,0.16,146.40,0.00,61416,54774152,0
1621811759,5.54,0.16,146.59,0.00,61416,54847112,0
1621811760,5.54,0.16,146.78,0.00,61416,54918232,0
1621811761,5.54,0.16,146.92,0.00,61416,54969516,0
1621811762,5.54,0.16,147.10,0.00,61416,55035708,0
1621811763,5.54,0.16,147.29,0.00,61416,55108476,0
1621811764,5.55,0.16,147.46,0.00,61416,55173216,0
1621811765,5.55,0.16,147.63,0.00,61416,55236100,0
1621811766,5.55,0.16,147.77,0.00,61416,55290224,0
1621811767,5.55,0.16,147.97,0.00,61416,55362092,0
1621811768,5.55,0.16,148.11,0.00,61416,55415420,0
1621811769,5.55,0.16,148.22,0.00,61416,55456252,0
1621811770,5.56,0.16,148.39,0.00,61416,55520148,0
1621811771,5.56,0.16,148.56,0.00,61416,55586480,0
1621811772,5.56,0.16,148.74,0.00,61416,55650904,0
1621811773,5.56,0.16,148.85,0.00,61416,55694740,0
1621811774,5.57,0.16,148.98,0.00,61416,55743008,0
1621811775,5.57,0.16,149.09,0.00,61416,55783336,0
1621811777,5.57,0.16,149.17,0.00,61416,55812764,0
1621811778,5.57,0.16,149.27,0.00,61416,55850276,0
1621811779,5.57,0.16,149.34,0.00,61416,55878248,0
1621811780,5.57,0.16,149.44,0.00,61416,55914284,0
1621811781,5.58,0.16,149.56,0.00,61416,55960512,0
1621811782,5.58,0.16,149.70,0.00,61416,56011580,0
1621811783,5.58,0.16,149.83,0.00,61416,56060964,0
1621811784,5.58,0.16,149.96,0.00,61416,56112052,0
1621811785,5.58,0.16,150.08,0.00,61416,56155484,0
1621811786,5.59,0.16,150.21,0.00,61416,56203360,0
1621811787,5.59,0.16,150.34,0.00,61416,56254104,0
1621811788,5.59,0.16,150.45,0.00,61416,56294680,0
1621811789,5.59,0.16,150.56,0.00,61416,56337144,0
1621811790,5.60,0.16,150.65,0.00,61416,56371436,0
1621811791,5.60,0.16,150.76,0.00,61416,56410204,0
1621811792,5.60,0.16,150.90,0.00,61416,56463336,0
1621811793,5.60,0.16,151.02,0.00,61416,56509252,0
1621811794,5.61,0.16,151.20,0.00,61416,56574876,0
1621811795,5.61,0.16,151.34,0.00,61416,56629292,0
1621811796,5.61,0.16,151.48,0.00,61416,56683148,0
1621811797,5.61,0.16,151.62,0.00,61416,56735624,0
1621811798,5.62,0.16,151.78,0.00,61416,56792208,0
1621811799,5.62,0.16,151.94,0.00,61416,56855284,0
1621811800,5.62,0.16,152.09,0.00,61416,56909300,0
1621811801,5.62,0.16,152.23,0.00,61416,56963732,0
1621811802,5.63,0.16,152.38,0.00,61416,57018740,0
1621811803,5.63,0.16,152.53,0.00,61416,57074228,0
1621811804,5.63,0.16,152.65,0.00,61416,57121120,0
1621811805,5.63,0.16,152.79,0.00,61416,57174440,0
1621811806,5.63,0.16,152.92,0.00,61416,57221444,0
1621811807,5.63,0.16,153.04,0.00,61416,57267928,0
1621811808,5.64,0.16,153.17,0.00,61416,57317092,0
1621811809,5.64,0.16,153.26,0.00,61416,57347704,0
1621811810,5.64,0.16,153.42,0.00,61416,57409560,0
1621811811,5.64,0.16,153.54,0.00,61416,57453264,0
1621811812,5.64,0.16,153.70,0.00,61416,57516048,0
1621811813,5.64,0.16,153.86,0.00,61416,57574152,0
1621811814,5.65,0.16,154.01,0.00,61416,57630156,0
1621811815,5.65,0.16,154.19,0.00,61416,57700012,0
1621811816,5.65,0.16,154.38,0.00,61416,57767780,0
1621811817,5.65,0.16,154.52,0.00,61416,57821384,0
1621811818,5.65,0.16,154.66,0.00,61416,57876324,0
1621811819,5.66,0.16,154.80,0.00,61416,57926316,0
1621811820,5.66,0.16,154.92,0.00,61416,57973924,0
1621811821,5.66,0.16,155.08,0.00,61416,58031880,0
1621811822,5.66,0.16,155.28,0.00,61416,58106904,0
1621811823,5.66,0.16,155.42,0.00,61416,58160412,0
1621811824,5.67,0.16,155.60,0.00,61416,58227380,0
1621811825,5.67,0.16,155.80,0.00,61416,58300588,0
1621811826,5.67,0.16,155.96,0.00,61416,58360816,0
1621811827,5.67,0.16,156.15,0.00,61416,58433904,0
1621811828,5.68,0.16,156.33,0.00,61416,58501312,0
1621811829,5.68,0.16,156.50,0.00,61416,58564392,0
1621811830,5.68,0.16,156.72,0.00,61416,58648604,0
1621811831,5.68,0.16,156.93,0.00,61416,58726420,0
1621811832,5.68,0.16,157.04,0.00,61416,58766632,0
1621811833,5.69,0.16,157.20,0.00,61416,58828260,0
1621811834,5.69,0.16,157.38,0.00,61416,58894660,0
1621811835,5.69,0.16,157.60,0.00,61416,58975672,0
1621811836,5.69,0.16,157.77,0.00,61416,59042960,0
1621811837,5.69,0.16,157.90,0.00,61416,59090312,0
1621811838,5.70,0.16,158.07,0.00,61416,59154908,0
1621811839,5.70,0.16,158.29,0.00,61416,59238220,0
1621811840,5.70,0.16,158.46,0.00,61416,59298996,0
1621811841,5.70,0.16,158.64,0.00,61416,59367556,0
1621811842,5.70,0.16,158.70,0.00,61416,59390780,0
1621811843,5.70,0.16,158.71,0.00,61416,59392312,0
1621811844,5.70,0.16,158.70,0.00,61416,59392312,0
1621811845,5.70,0.16,158.70,0.00,61416,59392476,0
1621811846,5.70,0.16,158.73,0.00,61416,59401280,0
1621811847,5.70,0.16,158.73,0.00,61416,59401324,0
1621811848,5.70,0.16,158.73,0.00,61416,59401536,0
1621811849,5.70,0.16,158.73,0.00,61416,59401536,0
1621811850,5.70,0.16,158.73,0.00,61416,59401608,0
1621811851,5.70,0.16,158.85,0.00,61416,59447960,0
1621811852,5.71,0.16,159.01,0.00,61416,59508832,0
1621811853,5.71,0.16,159.19,0.00,61416,59575844,0
1621811854,5.71,0.16,159.32,0.00,61416,59625800,0
1621811855,5.71,0.16,159.44,0.00,61416,59667632,0
1621811856,5.71,0.16,159.53,0.00,61416,59704292,0
1621811857,5.71,0.16,159.86,0.00,61416,59827660,0
1621811858,5.71,0.16,159.86,0.00,61416,59828816,0
1621811859,5.71,0.16,159.87,0.00,61416,59829956,0
1621811860,5.71,0.16,159.87,0.00,61416,59830176,0
1621811861,5.71,0.16,159.96,0.00,61416,59863112,0
1621811862,5.71,0.16,160.12,0.00,61416,59925644,0
1621811863,5.72,0.16,160.30,0.00,61416,59991064,0
1621811864,5.72,0.16,160.47,0.00,61416,60056312,0
1621811865,5.72,0.16,160.61,0.00,61416,60110552,0
1621811866,5.72,0.16,160.73,0.00,61416,60153736,0
1621811867,5.73,0.16,160.86,0.00,61416,60203196,0
1621811868,5.73,0.16,161.01,0.00,61416,60257744,0
1621811869,5.73,0.16,161.19,0.00,61416,60324936,0
1621811870,5.73,0.16,161.31,0.00,61416,60370464,0
1621811871,5.73,0.16,161.44,0.00,61416,60420904,0
1621811872,5.74,0.16,161.61,0.00,61416,60485876,0
1621811873,5.74,0.16,161.82,0.00,61416,60562884,0
1621811874,5.74,0.16,161.99,0.00,61416,60628148,0
1621811875,5.74,0.16,162.16,0.00,61416,60691684,0
1621811876,5.75,0.16,162.28,0.00,61416,60737156,0
1621811877,5.75,0.16,162.42,0.00,61416,60789536,0
1621811878,5.75,0.16,162.54,0.00,61416,60834816,0
1621811879,5.75,0.16,162.66,0.00,61416,60880104,0
1621811880,5.76,0.16,162.75,0.00,61416,60913736,0
1621811881,5.76,0.16,162.86,0.00,61416,60952220,0
1621811882,5.76,0.16,162.94,0.00,61416,60982612,0
1621811883,5.76,0.16,162.95,0.00,61416,60986156,0
1621811884,5.76,0.16,162.95,0.00,61416,60987424,0
1621811885,5.76,0.16,162.95,0.00,61416,60989612,0
1621811886,5.76,0.16,162.96,0.00,61416,60991200,0
1621811887,5.76,0.16,163.05,0.00,61416,61024376,0
1621811888,5.76,0.16,163.06,0.00,61416,61028460,0
1621811889,5.76,0.16,163.06,0.00,61416,61029732,0
1621811890,5.76,0.16,163.06,0.00,61416,61030932,0
1621811891,5.76,0.16,163.06,0.00,61416,61031572,0
1621811892,5.77,0.16,163.12,0.00,61416,61051512,0
1621811893,5.77,0.16,163.18,0.00,61416,61073656,0
1621811894,5.77,0.16,163.18,0.00,61416,61074764,0
1621811895,5.77,0.16,163.20,0.00,61416,61081904,0
1621811896,5.77,0.16,163.20,0.00,61416,61082648,0
1621811897,5.77,0.16,163.25,0.00,61416,61100596,0
1621811898,5.77,0.16,163.29,0.00,61416,61117820,0
1621811899,5.77,0.16,163.30,0.00,61416,61119980,0
1621811900,5.77,0.16,163.31,0.00,61416,61125104,0
1621811901,5.77,0.16,163.31,0.00,61416,61125876,0
1621811902,5.77,0.16,163.36,0.00,61416,61144076,0
1621811903,5.77,0.16,163.53,0.00,61416,61209412,0
1621811904,5.78,0.16,163.64,0.00,61416,61250948,0
1621811905,5.78,0.16,163.74,0.00,61416,61286676,0
1621811906,5.78,0.16,163.96,0.00,61416,61370336,0
1621811907,5.78,0.16,164.03,0.00,61416,61395304,0
1621811908,5.78,0.16,164.06,0.00,61416,61406964,0
1621811909,5.78,0.16,164.16,0.00,61416,61444116,0
1621811910,5.78,0.16,164.30,0.00,61416,61496848,0
1621811911,5.78,0.16,164.42,0.00,61416,61541584,0
1621811912,5.78,0.16,164.44,0.00,61416,61550108,0
1621811913,5.79,0.16,164.67,0.00,61416,61634644,0
1621811914,5.79,0.16,164.72,0.00,61416,61653236,0
1621811915,5.79,0.16,164.71,0.00,61416,61653236,0
1621811916,5.79,0.16,164.71,0.00,61416,61653524,0
1621811917,5.79,0.16,164.71,0.00,61416,61653524,0
1621811918,5.79,0.16,164.81,0.00,61416,61690700,0
1621811919,5.79,0.16,164.83,0.00,61416,61697116,0
1621811920,5.79,0.16,164.83,0.00,61416,61698672,0
1621811921,5.79,0.16,164.83,0.00,61416,61699224,0
1621811922,5.79,0.16,164.83,0.00,61416,61699224,0
1621811923,5.79,0.16,164.94,0.00,61416,61737528,0
1621811924,5.79,0.16,165.01,0.00,61416,61766296,0
1621811925,5.79,0.16,165.12,0.00,61416,61808360,0
1621811926,5.80,0.16,165.27,0.00,61416,61861876,0
1621811927,5.80,0.16,165.50,0.00,61416,61950904,0
1621811928,5.80,0.16,165.71,0.00,61416,62027932,0
1621811929,5.80,0.16,165.79,0.00,61416,62056592,0
1621811930,5.80,0.16,165.87,0.00,61416,62087748,0
1621811931,5.80,0.16,165.93,0.00,61416,62108956,0
1621811933,5.80,0.16,165.97,0.00,61416,62127056,0
1621811934,5.80,0.16,166.03,0.00,61416,62147512,0
1621811935,5.81,0.16,166.11,0.00,61416,62177000,0
1621811936,5.81,0.16,166.18,0.00,61416,62205380,0
1621811937,5.81,0.16,166.29,0.00,61416,62247240,0
1621811938,5.81,0.16,166.41,0.00,61416,62290176,0
1621811939,5.81,0.16,166.58,0.00,61416,62356436,0
1621811940,5.82,0.16,166.78,0.00,61416,62428536,0
1621811941,5.82,0.16,166.92,0.00,61416,62481460,0
1621811942,5.82,0.16,167.05,0.00,61416,62530076,0
1621811943,5.82,0.16,167.17,0.00,61416,62576480,0
1621811944,5.83,0.16,167.28,0.00,61416,62616840,0
1621811945,5.83,0.16,167.37,0.00,61416,62652588,0
1621811946,5.83,0.16,167.44,0.00,61416,62679188,0
1621811947,5.83,0.16,167.52,0.00,61416,62709052,0
1621811948,5.83,0.16,167.62,0.00,61416,62746120,0
1621811949,5.83,0.16,167.78,0.00,61416,62807320,0
1621811950,5.84,0.16,167.95,0.00,61416,62868336,0
1621811951,5.84,0.16,168.13,0.00,61416,62936676,0
1621811952,5.84,0.16,168.30,0.00,61416,63003080,0
1621811953,5.84,0.16,168.50,0.00,61416,63077044,0
1621811954,5.85,0.16,168.68,0.00,61416,63145320,0
1621811955,5.85,0.16,168.84,0.00,61416,63203068,0
1621811956,5.85,0.16,168.98,0.00,61416,63257500,0
1621811957,5.85,0.16,169.06,0.00,61416,63287100,0
1621811958,5.85,0.16,169.12,0.00,61416,63310412,0
1621811959,5.86,0.16,169.19,0.00,61416,63336180,0
1621811960,5.86,0.16,169.34,0.00,61416,63393320,0
1621811961,5.86,0.16,169.48,0.00,61416,63444568,0
1621811962,5.86,0.16,169.63,0.00,61416,63500260,0
1621811963,5.86,0.16,169.81,0.00,61416,63568164,0
1621811964,5.86,0.16,169.97,0.00,61416,63627812,0
1621811965,5.87,0.16,170.15,0.00,61416,63695152,0
1621811966,5.87,0.16,170.32,0.00,61416,63758940,0
1621811967,5.87,0.16,170.54,0.00,61416,63842268,0
1621811968,5.87,0.16,170.70,0.00,61416,63902052,0
1621811969,5.87,0.16,170.91,0.00,61416,63979932,0
1621811970,5.88,0.16,171.08,0.00,61416,64045716,0
1621811971,5.88,0.16,171.27,0.00,61416,64118232,0
1621811972,5.88,0.16,171.41,0.00,61416,64170784,0
1621811973,5.88,0.16,171.64,0.00,61416,64254780,0
1621811974,5.88,0.16,171.81,0.00,61416,64318844,0
1621811975,5.88,0.16,172.01,0.00,61416,64394624,0
1621811976,5.89,0.16,172.20,0.00,61416,64465832,0
1621811977,5.89,0.16,172.41,0.00,61416,64544140,0
1621811978,5.89,0.16,172.58,0.00,61416,64609452,0
1621811979,5.89,0.16,172.74,0.00,61416,64668568,0
1621811980,5.90,0.16,172.94,0.00,61416,64744940,0
1621811981,5.90,0.16,173.12,0.00,61416,64809240,0
1621811982,5.90,0.16,173.24,0.00,61416,64857508,0
1621811983,5.90,0.16,173.43,0.00,61416,64927072,0
1621811984,5.90,0.16,173.62,0.00,61416,65000220,0
1621811985,5.91,0.16,173.79,0.00,61416,65061976,0
1621811986,5.91,0.16,173.96,0.00,61416,65124192,0
1621811987,5.91,0.16,174.11,0.00,61416,65183716,0
1621811988,5.91,0.16,174.26,0.00,61416,65237236,0
1621811989,5.92,0.16,174.37,0.00,61416,65279116,0
1621811990,5.92,0.16,174.50,0.00,61416,65328808,0
1621811991,5.92,0.16,174.57,0.00,61416,65355660,0
1621811992,5.92,0.16,174.58,0.00,61416,65358076,0
1621811993,5.92,0.16,174.58,0.00,61416,65360684,0
1621811994,5.92,0.16,174.59,0.00,61416,65363828,0
1621811995,5.92,0.16,174.59,0.00,61416,65364268,0
1621811996,5.92,0.16,174.66,0.00,61416,65388328,0
1621811997,5.92,0.16,174.74,0.00,61416,65419188,0
1621811998,5.93,0.16,175.01,0.00,61416,65521740,0
1621811999,5.93,0.16,175.18,0.00,61416,65583452,0
1621812000,5.93,0.16,175.30,0.00,61416,65629732,0
1621812001,5.93,0.16,175.45,0.00,61416,65685704,0
1621812002,5.94,0.16,175.58,0.00,61416,65733928,0
1621812003,5.94,0.16,175.72,0.00,61416,65786232,0
1621812004,5.94,0.16,175.80,0.00,61416,65818192,0
1621812005,5.94,0.16,175.89,0.00,61416,65852040,0
1621812006,5.94,0.16,175.99,0.00,61416,65891080,0
1621812007,5.95,0.16,176.08,0.00,61416,65921964,0
1621812008,5.95,0.16,176.18,0.00,61416,65961844,0
1621812009,5.95,0.16,176.28,0.00,61416,65998788,0
1621812010,5.95,0.16,176.35,0.00,61416,66025104,0
1621812011,5.95,0.16,176.41,0.00,61416,66049408,0
1621812012,5.95,0.16,176.50,0.00,61416,66080004,0
1621812013,5.96,0.16,176.57,0.00,61416,66107320,0
1621812014,5.96,0.16,176.62,0.00,61416,66127112,0
1621812015,5.96,0.16,176.68,0.00,61416,66149880,0
1621812016,5.96,0.16,176.74,0.00,61416,66172140,0
1621812017,5.96,0.16,176.87,0.00,61416,66221404,0
1621812018,5.96,0.16,176.99,0.00,61416,66264476,0
1621812019,5.96,0.16,177.14,0.00,61416,66322688,0
1621812020,5.97,0.16,177.31,0.00,61416,66386508,0
1621812021,5.97,0.16,177.52,0.00,61416,66464492,0
1621812022,5.97,0.16,177.68,0.00,61416,66524396,0
1621812023,5.97,0.16,177.91,0.00,61416,66609980,0
1621812024,5.97,0.16,178.05,0.00,61416,66664704,0
1621812025,5.98,0.16,178.13,0.00,61416,66695652,0
1621812026,5.98,0.16,178.31,0.00,61416,66762136,0
1621812027,5.98,0.16,178.46,0.00,61416,66818488,0
1621812028,5.98,0.16,178.59,0.00,61416,66868820,0
1621812029,5.98,0.16,178.75,0.00,61416,66926436,0
1621812030,5.99,0.16,178.95,0.00,61416,67002468,0
1621812031,5.99,0.16,179.11,0.00,61416,67062008,0
1621812032,5.99,0.16,179.28,0.00,61416,67124620,0
1621812033,5.99,0.16,179.46,0.00,61416,67194896,0
1621812034,6.00,0.16,179.63,0.00,61416,67256064,0
1621812035,6.00,0.16,179.80,0.00,61416,67322532,0
1621812036,6.00,0.16,179.97,0.00,61416,67383548,0
1621812037,6.00,0.16,180.07,0.00,61416,67421032,0
1621812038,6.01,0.16,180.16,0.00,61416,67455024,0
1621812039,6.01,0.16,180.31,0.00,61416,67511540,0
1621812040,6.01,0.16,180.50,0.00,61416,67584172,0
1621812041,6.01,0.16,180.65,0.00,61416,67642196,0
1621812042,6.02,0.16,180.78,0.00,61416,67688752,0
1621812043,6.02,0.16,180.90,0.00,61416,67735384,0
1621812044,6.02,0.16,181.03,0.00,61416,67784688,0
1621812045,6.02,0.16,181.13,0.00,61416,67822244,0
1621812046,6.02,0.16,181.27,0.00,61416,67874376,0
1621812047,6.03,0.16,181.39,0.00,61416,67920532,0
1621812048,6.03,0.16,181.55,0.00,61416,67977812,0
1621812049,6.03,0.16,181.64,0.00,61416,68011592,0
1621812050,6.03,0.16,181.73,0.00,61416,68046516,0
1621812051,6.03,0.16,181.85,0.00,61416,68092944,0
1621812052,6.03,0.16,182.01,0.00,61416,68152016,0
1621812053,6.04,0.16,182.21,0.00,61416,68225572,0
1621812054,6.04,0.16,182.36,0.00,61416,68284812,0
1621812055,6.04,0.16,182.52,0.00,61416,68345172,0
1621812056,6.04,0.16,182.67,0.00,61416,68399544,0
1621812057,6.04,0.16,182.78,0.00,61416,68440708,0
1621812058,6.05,0.16,182.94,0.00,61416,68499404,0
1621812059,6.05,0.16,183.08,0.00,61416,68552812,0
1621812060,6.05,0.16,183.24,0.00,61416,68612380,0
1621812061,6.05,0.16,183.40,0.00,61416,68672412,0
1621812062,6.05,0.16,183.57,0.00,61416,68738564,0
1621812063,6.06,0.16,183.76,0.00,61416,68810364,0
1621812064,6.06,0.16,183.92,0.00,61416,68870568,0
1621812065,6.06,0.16,184.08,0.00,61416,68928872,0
1621812066,6.07,0.16,184.25,0.00,61416,68992212,0
1621812067,6.07,0.16,184.43,0.00,61416,69059008,0
1621812068,6.07,0.16,184.59,0.00,61416,69120824,0
1621812069,6.07,0.16,184.72,0.00,61416,69171212,0
1621812070,6.07,0.16,184.91,0.00,61416,69242668,0
1621812071,6.08,0.16,185.11,0.00,61416,69314676,0
1621812072,6.08,0.16,185.28,0.00,61416,69379612,0
1621812073,6.08,0.16,185.42,0.00,61416,69433572,0
1621812074,6.08,0.16,185.59,0.00,61416,69497380,0
1621812075,6.09,0.16,185.80,0.00,61416,69574212,0
1621812076,6.09,0.16,185.98,0.00,61416,69644520,0
1621812077,6.09,0.16,186.17,0.00,61416,69714540,0
1621812078,6.09,0.16,186.35,0.00,61416,69782632,0
1621812079,6.10,0.16,186.48,0.00,61416,69831772,0
1621812080,6.10,0.16,186.67,0.00,61416,69900996,0
1621812081,6.10,0.16,186.83,0.00,61416,69962320,0
1621812082,6.10,0.16,186.98,0.00,61416,70020304,0
1621812083,6.11,0.16,187.14,0.00,61416,70078116,0
1621812084,6.11,0.16,187.23,0.00,61416,70113252,0
1621812085,6.11,0.16,187.35,0.00,61416,70158516,0
1621812086,6.11,0.16,187.50,0.00,61416,70212672,0
1621812087,6.11,0.16,187.58,0.00,61416,70243668,0
1621812088,6.12,0.16,187.69,0.00,61416,70285960,0
1621812090,6.12,0.16,187.80,0.00,61416,70325364,0
1621812091,6.12,0.16,187.87,0.00,61416,70352496,0
1621812092,6.12,0.16,187.97,0.00,61416,70391980,0
1621812093,6.12,0.16,188.10,0.00,61416,70437992,0
1621812094,6.12,0.16,188.20,0.00,61416,70478472,0
1621812095,6.13,0.16,188.28,0.00,61416,70506264,0
1621812096,6.13,0.16,188.40,0.00,61416,70554436,0
1621812097,6.13,0.16,188.51,0.00,61416,70594364,0
1621812098,6.13,0.16,188.66,0.00,61416,70650680,0
1621812099,6.13,0.16,188.86,0.00,61416,70726800,0
1621812100,6.14,0.16,189.04,0.00,61416,70792500,0
1621812101,6.14,0.16,189.23,0.00,61416,70865856,0
1621812102,6.14,0.16,189.43,0.00,61416,70939020,0
1621812103,6.14,0.16,189.60,0.00,61416,71003824,0
1621812104,6.15,0.16,189.80,0.00,61416,71077756,0
1621812105,6.15,0.16,189.97,0.00,61416,71143180,0
1621812106,6.15,0.16,190.14,0.00,61416,71204604,0
1621812107,6.15,0.16,190.32,0.00,61416,71271936,0
1621812108,6.15,0.16,190.44,0.00,61416,71319936,0
1621812109,6.16,0.16,190.60,0.00,61416,71380640,0
1621812110,6.16,0.16,190.76,0.00,61416,71440952,0
1621812111,6.16,0.16,190.89,0.00,61416,71487792,0
1621812112,6.16,0.16,191.03,0.00,61416,71542396,0
1621812113,6.16,0.16,191.10,0.00,61416,71568852,0
1621812114,6.17,0.16,191.13,0.00,61416,71577196,0
1621812115,6.17,0.16,191.13,0.00,61416,71578796,0
1621812116,6.17,0.16,191.14,0.00,61416,71581540,0
1621812117,6.17,0.16,191.14,0.00,61416,71583136,0
1621812118,6.17,0.16,191.18,0.00,61416,71599476,0
1621812119,6.17,0.16,191.38,0.00,61416,71672340,0
1621812120,6.17,0.16,191.58,0.00,61416,71746936,0
1621812121,6.18,0.16,191.75,0.00,61416,71811040,0
1621812122,6.18,0.16,191.89,0.00,61416,71863004,0
1621812123,6.18,0.16,191.99,0.00,61416,71903276,0
1621812124,6.18,0.16,192.12,0.00,61416,71951532,0
1621812125,6.18,0.16,192.24,0.00,61416,71996264,0
1621812126,6.19,0.16,192.40,0.00,61416,72054768,0
1621812127,6.19,0.16,192.52,0.00,61416,72102492,0
1621812128,6.19,0.16,192.68,0.00,61416,72163172,0
1621812129,6.19,0.16,192.86,0.00,61416,72227660,0
1621812130,6.19,0.16,192.99,0.00,61416,72279840,0
1621812131,6.20,0.16,193.20,0.00,61416,72357824,0
1621812132,6.20,0.16,193.35,0.00,61416,72411824,0
1621812133,6.20,0.16,193.55,0.00,61416,72488024,0
1621812134,6.20,0.16,193.74,0.00,61416,72560548,0
1621812135,6.21,0.16,193.80,0.00,61416,72582404,0
1621812136,6.21,0.16,193.81,0.00,61416,72584572,0
1621812137,6.21,0.16,193.81,0.00,61416,72586300,0
1621812138,6.21,0.16,193.81,0.00,61416,72586720,0
1621812139,6.21,0.16,193.81,0.00,61416,72587168,0
1621812140,6.21,0.16,193.87,0.00,61416,72610152,0
1621812141,6.21,0.16,194.05,0.00,61416,72678740,0
1621812142,6.21,0.16,194.28,0.00,61416,72763228,0
1621812143,6.21,0.16,194.42,0.00,61416,72817628,0
1621812144,6.21,0.16,194.56,0.00,61416,72869432,0
1621812145,6.22,0.16,194.76,0.00,61416,72942796,0
1621812146,6.22,0.16,194.91,0.00,61416,72998592,0
1621812147,6.22,0.16,195.09,0.00,61416,73069736,0
1621812148,6.22,0.16,195.27,0.00,61416,73136148,0
1621812149,6.23,0.16,195.45,0.00,61416,73203908,0
1621812150,6.23,0.16,195.63,0.00,61416,73270536,0
1621812151,6.23,0.16,195.86,0.00,61416,73357088,0
1621812152,6.23,0.16,196.04,0.00,61416,73424672,0
1621812153,6.24,0.16,196.17,0.00,61416,73472724,0
1621812154,6.24,0.16,196.34,0.00,61416,73537112,0
1621812155,6.24,0.16,196.49,0.00,61416,73593964,0
1621812156,6.24,0.16,196.64,0.00,61416,73650844,0
1621812157,6.25,0.16,196.75,0.00,61416,73693144,0
1621812158,6.25,0.16,196.87,0.00,61416,73735192,0
1621812159,6.25,0.16,196.98,0.00,61416,73778512,0
1621812160,6.25,0.16,197.12,0.00,61416,73832080,0
1621812161,6.25,0.16,197.27,0.00,61416,73886020,0
1621812162,6.26,0.16,197.36,0.00,61416,73919748,0
1621812163,6.26,0.16,197.48,0.00,61416,73968052,0
1621812164,6.26,0.16,197.56,0.00,61416,73994656,0
1621812165,6.26,0.16,197.65,0.00,61416,74031148,0
1621812166,6.26,0.16,197.79,0.00,61416,74083044,0
1621812167,6.27,0.16,197.92,0.00,61416,74133292,0
1621812168,6.27,0.16,198.01,0.00,61416,74164668,0
1621812169,6.27,0.16,198.14,0.00,61416,74213936,0
1621812170,6.27,0.16,198.27,0.00,61416,74264848,0
1621812171,6.27,0.16,198.39,0.00,61416,74309740,0
1621812172,6.28,0.16,198.54,0.00,61416,74364984,0
1621812173,6.28,0.16,198.65,0.00,61416,74407268,0
1621812174,6.28,0.16,198.74,0.00,61416,74438900,0
1621812175,6.28,0.16,198.85,0.00,61416,74482408,0
1621812176,6.28,0.16,198.99,0.00,61416,74535340,0
1621812177,6.29,0.16,199.12,0.00,61416,74583208,0
1621812178,6.29,0.16,199.21,0.00,61416,74615620,0
1621812179,6.29,0.16,199.35,0.00,61416,74671584,0
1621812180,6.29,0.16,199.47,0.00,61416,74714320,0
1621812181,6.29,0.16,199.58,0.00,61416,74755132,0
1621812182,6.30,0.16,199.68,0.00,61416,74793668,0
1621812183,6.30,0.16,199.84,0.00,61416,74852580,0
1621812184,6.30,0.16,199.97,0.00,61416,74901364,0
1621812185,6.30,0.16,200.14,0.00,61416,74968068,0
1621812186,6.30,0.16,200.31,0.00,61416,75029456,0
1621812187,6.31,0.16,200.48,0.00,61416,75094976,0
1621812188,6.31,0.16,200.68,0.00,61416,75168088,0
1621812189,6.31,0.16,200.87,0.00,61416,75240956,0
1621812190,6.31,0.16,201.02,0.00,61416,75299244,0
1621812191,6.32,0.16,201.21,0.00,61416,75370808,0
1621812192,6.32,0.16,201.40,0.00,61416,75440408,0
1621812193,6.32,0.16,201.57,0.00,61420,75505636,0
1621812194,6.32,0.16,201.70,0.00,61420,75551552,0
1621812195,6.33,0.16,201.84,0.00,61436,75604376,0
1621812196,6.33,0.16,201.97,0.00,61436,75653964,0
1621812197,6.33,0.16,202.07,0.00,61436,75691404,0
1621812198,6.33,0.16,202.16,0.00,61436,75724516,0
1621812199,6.33,0.16,202.20,0.00,61524,75743140,0
1621812200,6.33,0.16,202.30,0.00,61524,75777736,0
1621812201,6.34,0.16,202.36,0.00,61524,75800600,0
1621812202,6.34,0.16,202.41,0.00,61524,75822640,0
1621812203,6.34,0.16,202.45,0.00,61524,75835960,0
1621812204,6.34,0.16,202.47,0.00,61524,75844520,0
1621812205,6.34,0.16,202.54,0.00,61524,75869688,0
1621812206,6.34,0.16,202.64,0.00,61524,75909044,0
1621812207,6.34,0.16,202.80,0.00,61524,75969632,0
1621812208,6.34,0.16,203.02,0.00,61524,76049036,0
1621812209,6.35,0.16,203.18,0.00,61524,76110864,0
1621812210,6.35,0.16,203.37,0.00,61524,76182728,0
1621812211,6.35,0.16,203.57,0.00,61524,76256132,0
1621812212,6.35,0.16,203.77,0.00,61524,76330820,0
1621812213,6.36,0.16,203.95,0.00,61524,76399240,0
1621812214,6.36,0.16,204.15,0.00,61524,76475400,0
1621812215,6.36,0.16,204.33,0.00,61524,76542108,0
1621812216,6.36,0.16,204.51,0.00,61524,76609380,0
1621812217,6.36,0.16,204.70,0.00,61524,76682552,0
1621812218,6.37,0.16,204.90,0.00,61524,76755076,0
1621812219,6.37,0.16,205.08,0.00,61528,76825048,0
1621812220,6.37,0.16,205.25,0.00,61528,76888848,0
1621812221,6.37,0.16,205.43,0.00,61532,76957032,0
1621812222,6.37,0.16,205.58,0.00,61532,77013388,0
1621812223,6.37,0.16,205.69,0.00,61532,77053628,0
1621812224,6.38,0.16,205.84,0.00,61540,77109160,0
1621812225,6.38,0.16,205.96,0.00,61540,77155420,0
1621812226,6.38,0.16,206.16,0.00,61544,77229292,0
1621812227,6.38,0.16,206.26,0.00,61548,77269336,0
1621812228,6.38,0.16,206.38,0.00,61548,77314112,0
1621812229,6.39,0.16,206.49,0.00,61548,77354320,0
1621812230,6.39,0.16,206.55,0.00,61548,77379028,0
1621812231,6.39,0.16,206.68,0.00,61552,77427104,0
1621812232,6.39,0.16,206.81,0.00,61552,77474096,0
1621812233,6.40,0.16,207.00,0.00,61560,77547708,0
1621812234,6.40,0.16,207.18,0.00,61560,77612832,0
1621812235,6.40,0.16,207.37,0.00,61560,77684136,0
1621812236,6.40,0.16,207.56,0.00,61576,77758704,0
1621812237,6.41,0.16,207.73,0.00,61584,77821064,0
1621812238,6.41,0.16,207.90,0.00,61584,77885184,0
1621812239,6.41,0.16,208.07,0.00,61584,77949296,0
1621812240,6.41,0.16,208.22,0.00,61584,78004984,0
1621812241,6.42,0.16,208.41,0.00,61584,78076104,0
1621812242,6.42,0.16,208.52,0.00,61584,78119088,0
1621812244,6.42,0.16,208.65,0.00,61584,78168656,0
1621812245,6.42,0.16,208.77,0.00,61584,78212020,0
1621812246,6.43,0.16,208.86,0.00,61592,78247552,0
1621812247,6.43,0.16,208.97,0.00,61596,78285972,0
1621812248,6.43,0.16,209.12,0.00,61604,78342312,0
1621812249,6.43,0.16,209.28,0.00,61604,78403876,0
1621812250,6.43,0.16,209.40,0.00,61604,78450756,0
1621812251,6.44,0.16,209.49,0.00,61620,78481712,0
1621812252,6.44,0.16,209.60,0.00,61624,78525276,0
1621812253,6.44,0.16,209.72,0.00,61624,78570364,0
1621812254,6.44,0.16,209.84,0.00,61628,78614920,0
1621812255,6.44,0.16,209.91,0.00,61644,78640748,0
1621812256,6.45,0.16,210.04,0.00,61644,78690220,0
1621812257,6.45,0.16,210.17,0.00,61652,78738176,0
1621812258,6.45,0.16,210.25,0.00,61668,78770572,0
1621812259,6.45,0.16,210.29,0.00,61668,78784140,0
1621812260,6.45,0.16,210.32,0.00,61676,78795264,0
1621812261,6.45,0.16,210.39,0.00,61764,78820532,0
1621812262,6.45,0.16,210.47,0.00,61768,78852692,0
1621812263,6.46,0.16,210.54,0.00,61772,78880600,0
1621812264,6.46,0.16,210.66,0.00,61780,78923984,0
1621812265,6.46,0.16,210.85,0.00,61780,78993880,0
1621812266,6.46,0.16,211.03,0.00,61780,79062840,0
1621812267,6.46,0.16,211.24,0.00,61780,79141592,0
1621812268,6.47,0.16,211.43,0.00,61780,79213852,0
1621812269,6.47,0.16,211.58,0.00,61780,79270488,0
1621812270,6.47,0.16,211.72,0.00,61780,79323784,0
1621812271,6.47,0.16,211.87,0.00,61780,79378676,0
1621812272,6.47,0.16,212.03,0.00,61780,79438352,0
1621812273,6.48,0.16,212.26,0.00,61780,79526936,0
1621812274,6.48,0.16,212.44,0.00,61780,79594584,0
1621812275,6.48,0.16,212.64,0.00,61780,79667620,0
1621812276,6.48,0.16,212.82,0.00,61780,79736852,0
1621812277,6.49,0.16,212.99,0.00,61780,79799380,0
1621812278,6.49,0.16,213.17,0.00,61780,79866444,0
1621812279,6.49,0.16,213.35,0.00,61784,79935896,0
1621812280,6.49,0.16,213.55,0.00,61792,80009960,0
1621812281,6.50,0.16,213.75,0.00,61792,80087204,0
1621812282,6.50,0.16,213.90,0.00,61792,80143096,0
1621812283,6.50,0.16,214.07,0.00,61792,80204708,0
1621812284,6.50,0.16,214.25,0.00,61792,80271668,0
1621812285,6.50,0.16,214.44,0.00,61792,80344144,0
1621812286,6.51,0.16,214.62,0.00,61796,80410952,0
1621812287,6.51,0.16,214.79,0.00,61796,80477528,0
1621812288,6.51,0.16,214.98,0.00,61796,80546552,0
1621812289,6.51,0.16,215.12,0.00,61796,80601292,0
1621812290,6.52,0.16,215.24,0.00,61796,80643896,0
1621812291,6.52,0.16,215.39,0.00,61796,80703844,0
1621812292,6.52,0.16,215.53,0.00,61796,80755660,0
1621812293,6.52,0.16,215.72,0.00,61796,80827956,0
1621812294,6.53,0.16,215.88,0.00,61796,80887728,0
1621812295,6.53,0.16,216.01,0.00,61796,80935884,0
1621812296,6.53,0.16,216.13,0.00,61796,80979632,0
1621812297,6.53,0.16,216.28,0.00,61796,81035252,0
1621812298,6.54,0.17,216.43,0.00,62436,81091508,0
1621812299,6.54,0.17,216.57,0.00,63076,81146412,0
1621812300,6.54,0.17,216.68,0.00,63588,81188764,0
1621812301,6.54,0.17,216.82,0.00,64108,81241772,0
1621812302,6.55,0.17,216.97,0.00,64748,81297732,0
1621812303,6.55,0.17,217.11,0.00,65260,81347628,0
1621812304,6.55,0.18,217.24,0.00,65900,81398016,0
1621812305,6.55,0.18,217.35,0.00,66412,81440828,0
1621812306,6.56,0.18,217.48,0.00,67188,81487416,0
1621812307,6.56,0.18,217.56,0.00,67956,81518220,0
1621812308,6.56,0.18,217.64,0.00,68724,81547968,0
1621812309,6.56,0.19,217.78,0.00,69492,81600452,0
1621812310,6.56,0.19,217.91,0.00,70132,81651448,0
1621812311,6.57,0.19,218.03,0.00,71028,81697004,0
1621812312,6.57,0.19,218.10,0.00,72308,81723064,0
1621812313,6.57,0.20,218.15,0.00,74100,81742408,0
1621812314,6.57,0.20,218.25,0.00,75252,81778552,0
1621812315,6.57,0.21,218.34,0.00,77044,81812176,0
1621812316,6.58,0.21,218.49,0.00,78588,81868480,0
1621812317,6.58,0.21,218.58,0.00,79868,81902652,0
1621812318,6.58,0.22,218.71,0.00,80764,81953332,0
1621812319,6.58,0.22,218.78,0.00,81276,81978304,0
1621812320,6.58,0.22,218.91,0.00,82556,82026924,0
1621812321,6.58,0.22,219.01,0.00,84220,82064932,0
1621812322,6.59,0.23,219.12,0.00,85628,82105680,0
1621812323,6.59,0.23,219.28,0.00,86520,82166744,0
1621812324,6.59,0.23,219.47,0.00,87544,82237584,0
1621812325,6.59,0.24,219.59,0.00,88568,82284592,0
1621812326,6.59,0.24,219.73,0.00,89840,82337544,0
1621812327,6.60,0.24,219.91,0.00,90864,82402320,0
1621812328,6.60,0.25,220.10,0.00,92144,82474040,0
1621812329,6.60,0.25,220.30,0.00,93168,82548696,0
1621812330,6.60,0.25,220.49,0.00,93936,82622232,0
1621812331,6.61,0.25,220.64,0.00,94832,82677656,0
1621812332,6.61,0.26,220.77,0.00,95728,82727952,0
1621812333,6.61,0.26,220.93,0.00,96368,82786608,0
1621812334,6.61,0.26,221.10,0.00,97264,82849596,0
1621812335,6.61,0.26,221.23,0.00,98160,82899608,0
1621812336,6.62,0.26,221.36,0.00,99056,82947504,0
1621812337,6.62,0.27,221.48,0.00,100216,82994120,0
1621812338,6.62,0.27,221.62,0.00,101120,83045408,0
1621812339,6.62,0.27,221.76,0.00,102144,83098444,0
1621812340,6.62,0.28,221.91,0.00,103296,83155592,0
1621812341,6.63,0.28,222.05,0.00,104320,83210016,0
1621812342,6.63,0.28,222.26,0.00,104960,83287284,0
1621812343,6.63,0.28,222.45,0.00,105728,83358920,0
1621812344,6.63,0.28,222.64,0.00,106756,83429832,0
1621812345,6.64,0.29,222.79,0.00,108036,83487672,0
1621812346,6.64,0.29,222.91,0.00,109820,83532352,0
1621812347,6.64,0.30,222.92,0.00,112252,83534084,0
1621812348,6.64,0.31,222.92,0.00,114652,83537032,0
1621812349,6.64,0.31,222.92,0.00,117068,83537504,0
1621812350,6.64,0.32,222.92,0.00,119492,83538488,0
1621812351,6.64,0.33,222.93,0.00,121916,83539256,0
1621812352,6.64,0.33,222.93,0.00,124332,83539740,0
1621812353,6.64,0.34,222.93,0.00,126764,83540200,0
1621812354,6.64,0.34,222.93,0.00,129196,83540776,0
1621812355,6.64,0.35,222.95,0.00,131500,83548600,0
1621812356,6.64,0.36,223.01,0.00,133804,83572404,0
1621812357,6.64,0.36,223.01,0.00,136236,83572896,0
1621812358,6.64,0.37,223.02,0.00,138660,83575084,0
1621812359,6.64,0.38,223.02,0.00,140580,83577328,0
1621812360,6.64,0.38,223.10,0.00,142244,83607924,0
1621812361,6.65,0.38,223.16,0.00,142748,83628968,0
1621812362,6.65,0.38,223.45,0.00,143516,83737704,0
1621812363,6.65,0.39,223.59,0.00,144668,83788980,0
1621812364,6.65,0.39,223.70,0.00,145564,83830816,0
1621812365,6.65,0.39,223.90,0.00,146460,83907632,0
1621812366,6.65,0.39,224.09,0.00,147356,83978792,0
1621812367,6.66,0.40,224.27,0.00,148380,84045560,0
1621812368,6.66,0.40,224.45,0.00,149276,84113948,0
1621812369,6.66,0.40,224.61,0.00,150036,84175760,0
1621812370,6.66,0.40,224.78,0.00,150668,84239672,0
1621812371,6.67,0.41,224.95,0.00,151828,84302152,0
1621812372,6.67,0.41,225.06,0.00,152468,84344272,0
1621812373,6.67,0.41,225.22,0.00,153364,84403456,0
1621812374,6.67,0.41,225.40,0.00,154388,84470372,0
1621812375,6.68,0.42,225.56,0.00,155532,84530212,0
1621812376,6.68,0.42,225.71,0.00,156300,84588400,0
1621812377,6.68,0.42,225.81,0.00,157324,84627128,0
1621812378,6.68,0.42,225.96,0.00,158092,84682628,0
1621812379,6.69,0.42,226.15,0.00,159116,84752336,0
1621812380,6.69,0.43,226.31,0.00,160268,84814492,0
1621812381,6.69,0.43,226.46,0.00,161548,84872020,0
1621812382,6.69,0.43,226.56,0.00,162572,84906612,0
1621812383,6.69,0.44,226.69,0.00,163852,84958204,0
1621812384,6.70,0.44,226.79,0.00,165388,84992960,0
1621812385,6.70,0.45,226.88,0.00,167180,85029492,0
1621812386,6.70,0.45,226.95,0.00,168460,85055684,0
1621812387,6.70,0.45,227.02,0.00,169620,85081032,0
1621812388,6.70,0.46,227.07,0.00,171156,85098780,0
1621812389,6.71,0.46,227.10,0.00,172940,85111168,0
1621812390,6.71,0.47,227.14,0.00,174476,85128020,0
1621812391,6.71,0.47,227.25,0.00,175884,85169524,0
1621812392,6.71,0.47,227.35,0.00,177804,85205592,0
1621812393,6.71,0.48,227.39,0.00,179588,85222428,0
1621812394,6.71,0.48,227.48,0.00,180988,85257280,0
1621812396,6.72,0.49,227.62,0.00,182140,85309108,0
1621812397,6.72,0.49,227.72,0.00,183420,85346816,0
1621812398,6.72,0.49,227.85,0.00,184956,85393492,0
1621812399,6.72,0.50,227.93,0.00,186108,85426176,0
1621812400,6.72,0.50,228.06,0.00,187516,85475096,0
1621812401,6.72,0.50,228.22,0.00,188796,85532780,0
1621812402,6.73,0.51,228.43,0.00,190092,85612816,0
1621812403,6.73,0.51,228.59,0.00,191380,85672604,0
1621812404,6.73,0.51,228.79,0.00,192660,85747392,0
1621812405,6.73,0.52,228.92,0.00,194068,85795916,0
1621812406,6.73,0.52,229.09,0.00,195348,85862260,0
1621812407,6.74,0.52,229.26,0.00,195988,85924052,0
1621812408,6.74,0.53,229.38,0.00,197268,85970456,0
1621812409,6.74,0.53,229.57,0.00,198044,86042032,0
1621812410,6.74,0.53,229.75,0.00,199580,86109420,0
1621812411,6.74,0.54,229.91,0.00,200732,86170444,0
1621812412,6.75,0.54,230.05,0.00,201884,86223644,0
1621812413,6.75,0.54,230.18,0.00,202652,86271340,0
1621812414,6.75,0.54,230.31,0.00,203428,86320044,0
1621812415,6.75,0.55,230.46,0.00,204316,86376572,0
1621812416,6.76,0.55,230.59,0.00,205596,86425856,0
1621812417,6.76,0.55,230.70,0.00,206620,86466964,0
1621812418,6.76,0.55,230.85,0.00,207516,86522808,0
1621812419,6.76,0.56,231.01,0.00,208668,86582348,0
1621812420,6.76,0.56,231.18,0.00,209308,86647224,0
1621812421,6.77,0.56,231.36,0.00,209820,86715956,0
1621812422,6.77,0.56,231.54,0.00,210332,86783856,0
1621812423,6.77,0.56,231.70,0.00,210844,86845208,0
1621812424,6.78,0.56,231.85,0.00,211356,86900648,0
1621812425,6.78,0.56,232.02,0.00,211740,86963008,0
1621812426,6.78,0.57,232.19,0.00,212772,87028204,0
1621812427,6.78,0.57,232.39,0.00,213796,87103332,0
1621812428,6.79,0.57,232.56,0.00,214940,87166804,0
1621812429,6.79,0.58,232.75,0.00,215692,87238560,0
1621812430,6.79,0.58,232.92,0.00,216964,87302108,0
1621812431,6.79,0.58,233.12,0.00,218492,87376668,0
1621812432,6.80,0.59,233.32,0.00,219644,87452328,0
1621812433,6.80,0.59,233.50,0.00,220412,87521952,0
1621812434,6.80,0.59,233.64,0.00,221052,87572184,0
1621812435,6.80,0.59,233.81,0.00,221940,87638080,0
1621812436,6.81,0.60,234.02,0.00,223604,87716836,0
1621812437,6.81,0.60,234.20,0.00,225116,87783680,0
1621812438,6.81,0.60,234.36,0.00,226404,87844060,0
1621812439,6.81,0.61,234.54,0.00,227044,87910060,0
1621812440,6.82,0.61,234.71,0.00,228196,87977632,0
1621812441,6.82,0.61,234.90,0.00,229348,88045912,0
1621812442,6.82,0.61,235.07,0.00,230116,88111000,0
1621812443,6.82,0.62,235.24,0.00,231020,88176232,0
1621812444,6.82,0.62,235.39,0.00,231908,88230492,0
1621812445,6.83,0.62,235.53,0.00,232668,88283720,0
1621812446,6.83,0.62,235.73,0.00,234076,88360452,0
1621812447,6.83,0.63,235.89,0.00,235468,88420956,0
1621812448,6.83,0.63,236.04,0.00,236236,88476020,0
1621812449,6.84,0.63,236.22,0.00,236876,88543380,0
1621812450,6.84,0.63,236.38,0.00,237636,88603184,0
1621812451,6.84,0.64,236.55,0.00,239436,88667096,0
1621812452,6.85,0.64,236.68,0.00,240844,88715744,0
1621812453,6.85,0.65,236.76,0.00,242380,88749000,0
1621812454,6.85,0.65,236.88,0.00,244276,88793148,0
1621812455,6.85,0.66,237.02,0.00,245812,88845740,0
1621812456,6.85,0.66,237.11,0.00,247212,88879736,0
1621812457,6.85,0.66,237.17,0.00,247980,88900352,0
1621812458,6.86,0.67,237.25,0.00,250388,88933856,0
1621812459,6.86,0.67,237.36,0.00,252644,88973132,0
1621812460,6.86,0.68,237.43,0.00,253156,89001184,0
1621812461,6.86,0.68,237.51,0.00,254668,89029724,0
1621812462,6.86,0.68,237.60,0.00,256252,89064996,0
1621812463,6.86,0.69,237.68,0.00,257788,89094984,0
1621812464,6.87,0.69,237.78,0.00,259452,89131772,0
1621812465,6.87,0.70,237.88,0.00,261092,89169824,0
1621812466,6.87,0.70,237.97,0.00,262756,89205684,0
1621812467,6.87,0.71,238.12,0.00,264668,89260212,0
1621812468,6.87,0.71,238.23,0.00,265572,89301884,0
1621812469,6.87,0.71,238.35,0.00,266996,89347764,0
1621812470,6.88,0.72,238.43,0.00,268524,89376704,0
1621812471,6.88,0.72,238.49,0.00,269808,89399392,0
1621812472,6.88,0.72,238.59,0.00,271728,89438272,0
1621812473,6.88,0.73,238.78,0.00,273136,89507836,0
1621812474,6.88,0.73,238.97,0.00,274288,89579392,0
1621812475,6.88,0.73,239.09,0.00,275456,89626888,0
1621812476,6.89,0.74,239.29,0.00,276704,89699828,0
1621812477,6.89,0.74,239.46,0.00,278728,89766696,0
1621812478,6.89,0.75,239.57,0.00,281264,89808412,0
1621812479,6.89,0.75,239.80,0.00,282896,89892976,0
1621812480,6.89,0.76,239.92,0.00,283664,89939248,0
1621812481,6.90,0.76,240.00,0.00,285600,89967972,0
1621812482,6.90,0.77,240.07,0.00,288848,89994912,0
1621812483,6.90,0.78,240.12,0.00,291760,90013776,0
1621812484,6.90,0.79,240.16,0.00,294440,90029328,0
1621812485,6.90,0.80,240.20,0.00,298512,90045080,0
1621812486,6.90,0.81,240.21,0.00,302928,90046844,0
1621812487,6.90,0.82,240.21,0.00,305784,90047560,0
1621812488,6.90,0.83,240.21,0.00,310088,90048260,0
1621812489,6.90,0.84,240.23,0.00,314632,90058080,0
1621812490,6.91,0.85,240.25,0.00,318728,90062984,0
1621812491,6.91,0.86,240.27,0.00,323184,90070356,0
1621812492,6.91,0.87,240.28,0.00,327728,90077452,0
1621812493,6.91,0.89,240.30,0.00,332688,90082564,0
1621812494,6.91,0.90,240.33,0.00,337376,90095532,0
1621812495,6.91,0.91,240.33,0.00,341832,90096212,0
1621812496,6.91,0.92,240.33,0.00,346328,90096892,0
1621812497,6.92,0.94,240.37,0.00,350568,90109872,0
1621812498,6.92,0.95,240.40,0.00,355968,90123680,0
1621812499,6.92,0.96,240.44,0.00,360168,90138028,0
1621812500,6.92,0.97,240.49,0.00,364536,90157604,0
1621812501,6.92,0.98,240.60,0.00,369144,90196932,0
1621812502,6.92,1.00,240.62,0.00,374568,90205016,0
1621812503,6.92,1.01,240.70,0.00,379784,90236432,0
1621812504,6.92,1.02,240.70,0.00,383216,90237768,0
1621812505,6.92,1.03,240.72,0.00,385192,90242600,0
1621812506,6.93,1.03,240.75,0.00,386688,90254944,0
1621812507,6.93,1.04,240.92,0.00,388064,90318064,0
1621812508,6.93,1.04,241.08,0.00,389976,90379512,0
1621812509,6.93,1.05,241.28,0.00,392576,90455824,0
1621812510,6.93,1.05,241.52,0.00,394368,90543760,0
1621812511,6.93,1.06,241.71,0.00,396280,90617792,0
1621812512,6.94,1.06,241.86,0.00,398760,90674736,0
1621812513,6.94,1.07,242.07,0.00,401152,90753556,0
1621812514,6.94,1.07,242.27,0.00,402680,90828064,0
1621812515,6.94,1.08,242.47,0.00,404296,90901812,0
1621812516,6.94,1.08,242.70,0.00,405880,90987472,0
1621812517,6.95,1.09,242.89,0.00,407784,91059316,0
1621812518,6.95,1.10,243.03,0.00,410552,91113268,0
1621812519,6.95,1.10,243.29,0.00,412064,91210072,0
1621812520,6.95,1.11,243.50,0.00,414328,91288624,0
1621812521,6.95,1.11,243.61,0.00,417008,91332780,0
1621812522,6.95,1.11,243.81,0.00,417864,91406344,0
1621812523,6.95,1.12,243.92,0.00,421192,91448444,0
1621812524,6.96,1.13,244.12,0.00,423344,91521888,0
1621812525,6.96,1.13,244.31,0.00,424576,91593608,0
1621812526,6.96,1.14,244.52,0.00,425872,91673848,0
1621812527,6.96,1.14,244.69,0.00,427744,91738816,0
1621812528,6.97,1.15,244.83,0.00,429848,91789332,0
1621812529,6.97,1.15,245.00,0.00,431688,91855520,0
1621812530,6.97,1.16,245.14,0.00,433320,91909068,0
1621812531,6.97,1.16,245.30,0.00,434680,91965936,0
1621812532,6.97,1.16,245.42,0.00,435960,92011104,0
1621812533,6.98,1.17,245.54,0.00,437992,92057264,0
1621812534,6.98,1.17,245.64,0.00,439104,92094200,0
1621812535,6.98,1.17,245.74,0.00,439968,92133668,0
1621812536,6.98,1.18,245.86,0.00,441008,92179068,0
1621812537,6.98,1.18,245.97,0.00,442280,92219264,0
1621812538,6.99,1.18,246.07,0.00,443344,92259876,0
1621812539,6.99,1.19,246.19,0.00,444424,92303796,0
1621812540,6.99,1.19,246.29,0.00,445440,92341776,0
1621812541,6.99,1.19,246.38,0.00,446584,92375636,0
1621812542,6.99,1.19,246.47,0.00,447424,92409488,0
1621812543,6.99,1.20,246.54,0.00,449136,92434092,0
1621812544,7.00,1.20,246.62,0.00,450472,92467336,0
1621812545,7.00,1.21,246.71,0.00,451904,92498020,0
1621812546,7.00,1.21,246.76,0.00,454392,92518620,0
1621812547,7.00,1.22,246.83,0.00,455672,92545996,0
1621812548,7.00,1.22,246.88,0.00,456720,92565220,0
1621812549,7.00,1.22,246.91,0.00,458960,92576796,0
1621812551,7.01,1.23,246.97,0.00,461280,92596664,0
1621812552,7.01,1.23,247.00,0.00,463048,92608516,0
1621812553,7.01,1.24,247.07,0.00,465992,92635940,0
1621812554,7.01,1.25,247.15,0.00,469592,92665064,0
1621812555,7.01,1.26,247.19,0.00,474120,92680168,0
1621812556,7.01,1.27,247.25,0.00,477320,92704452,0
1621812557,7.02,1.28,247.32,0.00,479496,92730240,0
1621812558,7.02,1.28,247.42,0.00,481704,92767548,0
1621812559,7.02,1.29,247.48,0.00,483016,92792920,0
1621812560,7.02,1.30,247.55,0.00,485920,92816852,0
1621812561,7.02,1.30,247.61,0.00,488896,92840912,0
1621812562,7.03,1.31,247.66,0.00,490888,92859080,0
1621812563,7.03,1.32,247.72,0.00,493888,92881104,0
1621812564,7.03,1.32,247.86,0.00,496648,92936172,0
1621812565,7.03,1.33,247.99,0.00,498928,92986140,0
1621812566,7.03,1.33,248.14,0.00,500328,93041564,0
1621812567,7.03,1.34,248.29,0.00,501912,93097968,0
1621812568,7.04,1.34,248.43,0.00,503600,93150860,0
1621812569,7.04,1.35,248.58,0.00,506176,93206788,0
1621812570,7.04,1.36,248.71,0.00,509064,93256968,0
1621812571,7.04,1.36,248.85,0.00,510368,93309396,0
1621812572,7.04,1.36,249.01,0.00,511624,93366980,0
1621812573,7.05,1.37,249.14,0.00,513696,93415840,0
1621812574,7.05,1.37,249.30,0.00,515024,93476416,0
1621812575,7.05,1.38,249.41,0.00,516760,93520564,0
1621812576,7.05,1.38,249.53,0.00,518824,93564760,0
1621812577,7.05,1.39,249.65,0.00,521200,93610896,0
1621812578,7.05,1.40,249.79,0.00,523224,93661404,0
1621812579,7.06,1.40,249.90,0.00,525128,93704196,0
1621812580,7.06,1.41,250.03,0.00,527152,93751476,0
1621812581,7.06,1.41,250.16,0.00,529056,93803292,0
1621812582,7.06,1.41,250.28,0.00,530152,93847568,0
1621812583,7.06,1.42,250.41,0.00,532456,93897120,0
1621812584,7.06,1.43,250.53,0.00,535000,93943116,0
1621812585,7.07,1.43,250.65,0.00,537008,93988168,0
1621812586,7.07,1.44,250.81,0.00,538376,94048436,0
1621812587,7.07,1.44,250.92,0.00,540600,94088316,0
1621812588,7.07,1.45,251.02,0.00,543928,94126564,0
1621812589,7.07,1.46,251.12,0.00,546704,94165404,0
1621812590,7.08,1.46,251.25,0.00,549064,94211648,0
1621812591,7.08,1.47,251.41,0.00,551424,94272572,0
1621812592,7.08,1.47,251.58,0.00,552704,94338252,0
1621812593,7.08,1.48,251.72,0.00,554720,94391028,0
1621812594,7.08,1.48,251.84,0.00,556808,94435176,0
1621812595,7.08,1.49,252.00,0.00,558472,94496696,0
1621812596,7.09,1.49,252.14,0.00,560320,94548568,0
1621812597,7.09,1.50,252.27,0.00,562656,94597688,0
1621812598,7.09,1.50,252.42,0.00,563656,94655268,0
1621812599,7.09,1.51,252.59,0.00,564872,94717372,0
1621812600,7.09,1.51,252.71,0.00,566008,94761332,0
1621812601,7.10,1.51,252.87,0.00,567120,94824456,0
1621812602,7.10,1.52,253.02,0.00,568168,94880112,0
1621812603,7.10,1.52,253.16,0.00,569592,94931532,0
1621812604,7.10,1.52,253.28,0.00,570576,94976468,0
1621812605,7.10,1.52,253.42,0.00,571128,95029436,0
1621812606,7.10,1.53,253.55,0.00,572400,95081380,0
1621812607,7.11,1.53,253.69,0.00,573160,95132572,0
1621812608,7.11,1.54,253.83,0.00,575728,95184264,0
1621812609,7.11,1.54,253.97,0.00,577824,95236124,0
1621812610,7.11,1.54,254.06,0.00,578736,95272880,0
1621812611,7.11,1.55,254.21,0.00,579936,95329284,0
1621812612,7.12,1.55,254.34,0.00,580960,95378992,0
1621812613,7.12,1.55,254.47,0.00,582856,95424588,0
1621812614,7.12,1.56,254.60,0.00,583496,95475896,0
1621812615,7.12,1.56,254.74,0.00,585152,95529084,0
1621812616,7.12,1.56,254.86,0.00,586464,95572324,0
1621812617,7.13,1.57,255.01,0.00,587336,95631204,0
1621812618,7.13,1.57,255.12,0.00,589040,95671572,0
1621812619,7.13,1.57,255.28,0.00,590248,95730368,0
1621812620,7.13,1.58,255.40,0.00,591616,95776136,0
1621812621,7.13,1.58,255.49,0.00,592816,95812148,0
1621812622,7.14,1.58,255.61,0.00,594352,95855152,0
1621812623,7.14,1.59,255.75,0.00,595312,95909984,0
1621812624,7.14,1.59,255.87,0.00,596944,95953612,0
1621812625,7.14,1.60,256.00,0.00,598192,96001688,0
1621812626,7.14,1.60,256.12,0.00,600040,96049284,0
1621812627,7.14,1.60,256.23,0.00,601000,96089504,0
1621812628,7.15,1.61,256.34,0.00,603128,96133284,0
1621812629,7.15,1.61,256.47,0.00,604736,96179388,0
1621812630,7.15,1.62,256.59,0.00,606920,96226704,0
1621812631,7.15,1.62,256.71,0.00,608672,96270840,0
1621812632,7.16,1.63,256.88,0.00,611496,96333616,0
1621812633,7.16,1.64,256.93,0.00,616864,96353364,0
1621812634,7.16,1.66,256.94,0.00,624128,96356740,0
1621812635,7.16,1.68,256.94,0.00,630712,96359720,0
1621812636,7.16,1.70,256.95,0.00,637520,96360932,0
1621812637,7.16,1.72,256.95,0.00,645104,96364244,0
1621812638,7.16,1.74,256.96,0.00,652008,96365572,0
1621812639,7.16,1.76,256.96,0.00,658512,96368280,0
1621812640,7.16,1.77,256.97,0.00,665520,96369472,0
1621812641,7.17,1.78,256.98,0.00,667392,96376164,0
1621812642,7.17,1.78,257.01,0.00,668328,96384912,0
1621812643,7.17,1.79,257.02,0.00,671776,96391964,0
1621812644,7.17,1.80,257.03,0.00,675264,96393156,0
1621812645,7.17,1.80,257.04,0.00,676536,96399372,0
1621812646,7.17,1.81,257.05,0.00,678688,96400656,0
1621812647,7.17,1.82,257.05,0.00,680824,96402072,0
1621812648,7.17,1.82,257.05,0.00,682936,96403416,0
1621812649,7.18,1.83,257.05,0.00,685096,96404752,0
1621812650,7.18,1.83,257.06,0.00,687192,96405992,0
1621812651,7.18,1.84,257.06,0.00,689360,96407224,0
1621812652,7.18,1.84,257.09,0.00,689664,96418232,0
1621812653,7.18,1.84,257.10,0.00,691056,96424132,0
1621812654,7.18,1.85,257.11,0.00,693048,96427328,0
1621812655,7.18,1.85,257.11,0.00,695192,96428780,0
1621812656,7.18,1.86,257.13,0.00,696648,96436232,0
1621812657,7.19,1.86,257.14,0.00,698680,96439896,0
1621812658,7.19,1.87,257.15,0.00,700872,96441292,0
1621812659,7.19,1.87,257.16,0.00,702344,96447488,0
1621812660,7.19,1.88,257.17,0.00,704344,96450496,0
1621812661,7.19,1.88,257.18,0.00,704400,96455792,0
1621812662,7.19,1.88,257.19,0.00,704400,96459916,0
1621812663,7.19,1.88,257.20,0.00,705016,96462560,0
1621812664,7.19,1.88,257.20,0.00,705024,96464168,0
1621812665,7.19,1.88,257.21,0.00,705024,96465600,0
1621812666,7.19,1.88,257.21,0.00,705168,96467172,0
1621812667,7.19,1.88,257.21,0.00,705176,96468700,0
1621812668,7.19,1.88,257.22,0.00,705192,96470120,0
1621812669,7.19,1.88,257.22,0.00,705336,96471672,0
1621812670,7.19,1.88,257.22,0.00,705376,96473108,0
1621812671,7.19,1.88,257.23,0.00,705424,96474676,0
1621812672,7.19,1.88,257.23,0.00,705488,96476172,0
1621812673,7.19,1.88,257.23,0.00,705616,96477716,0
1621812674,7.19,1.88,257.24,0.00,705632,96479308,0
1621812675,7.19,1.88,257.24,0.00,705696,96480876,0
1621812676,7.19,1.88,257.24,0.00,705704,96482356,0
1621812677,7.19,1.88,257.25,0.00,705704,96483852,0
1621812678,7.19,1.88,257.25,0.00,705704,96485416,0
1621812679,7.19,1.88,257.25,0.00,705704,96486860,0
1621812680,7.19,1.88,257.26,0.00,705704,96488456,0
1621812681,7.19,1.88,257.26,0.00,705704,96490016,0
1621812682,7.19,1.88,257.26,0.00,705704,96491472,0
1621812683,7.19,1.88,257.27,0.00,705704,96493044,0
1621812684,7.19,1.88,257.27,0.00,705704,96494616,0
1621812685,7.19,1.88,257.27,0.00,705704,96496176,0
1621812686,7.19,1.89,257.28,0.00,708968,96497660,0
1621812687,7.20,1.91,257.28,0.00,716520,96499048,0
1621812688,7.20,1.93,257.28,0.00,723160,96500704,0
1621812689,7.20,1.95,257.29,0.00,732144,96502156,0
1621812690,7.20,1.97,257.29,0.00,738968,96503336,0
1621812691,7.20,1.99,257.29,0.00,746416,96504552,0
1621812692,7.21,2.00,257.39,0.00,751000,96543208,0
1621812693,7.21,2.02,257.45,0.00,758176,96562864,0
1621812694,7.21,2.04,257.45,0.00,763696,96564144,0
1621812695,7.21,2.04,257.45,0.00,765648,96565348,0
1621812696,7.21,2.04,257.45,0.00,766536,96566772,0
1621812697,7.21,2.04,257.46,0.00,766712,96568612,0
1621812698,7.21,2.05,257.47,0.00,767632,96572216,0
1621812699,7.22,2.05,257.49,0.00,768080,96581748,0
1621812700,7.22,2.05,257.51,0.00,768272,96589832,0
1621812701,7.22,2.05,257.53,0.00,768384,96597252,0
1621812702,7.23,2.05,257.55,0.00,769040,96604524,0
1621812703,7.23,2.05,257.57,0.00,770256,96610820,0
1621812704,7.23,2.07,257.57,0.00,776008,96612588,0
1621812705,7.23,2.08,257.57,0.00,781696,96613964,0
1621812706,7.23,2.10,257.58,0.00,788104,96615300,0
1621812707,7.23,2.12,257.58,0.00,796008,96616492,0
1621812708,7.23,2.14,257.58,0.00,802364,96617788,0
1621812709,7.23,2.16,257.58,0.00,808652,96619116,0
1621812710,7.23,2.17,257.59,0.00,814548,96620296,0
