timestamp,CPU_usr,CPU_sys,CPU_idl,CPU_wai,CPU_stl,MEM_used,MEM_free,MEM_buff,MEM_cach,NET_recv,NET_send
1621811682,4,2,93,0,0,1270M,2078M,150M,4189M,0,0
1621811683,8,3,88,1,0,1265M,2084M,150M,4189M,82k,50k
1621811684,4,2,94,0,0,1266M,2083M,150M,4189M,9260B,9268B
1621811685,3,2,95,0,0,1266M,2083M,150M,4189M,14k,12k
1621811686,4,2,95,0,0,1265M,2084M,150M,4189M,11k,11k
1621811687,5,3,91,1,0,1265M,2084M,150M,4189M,37k,35k
1621811688,4,1,95,0,0,1265M,2084M,150M,4189M,13k,24k
1621811689,4,2,94,0,0,1265M,2083M,150M,4189M,12k,9631B
1621811690,3,2,95,0,0,1265M,2084M,150M,4189M,8677B,8210B
1621811691,5,1,93,1,0,1264M,2084M,150M,4189M,89k,55k
1621811692,6,3,90,1,0,1264M,2085M,150M,4189M,19k,18k
1621811693,7,4,89,1,0,1265M,2084M,150M,4189M,76k,41k
1621811694,4,2,94,0,0,1265M,2083M,150M,4189M,9179B,8822B
1621811695,5,2,92,0,0,1265M,2083M,150M,4189M,51k,36k
1621811696,4,1,95,0,0,1265M,2084M,150M,4189M,15k,15k
1621811697,5,3,92,1,0,1265M,2084M,150M,4189M,26k,24k
1621811698,3,2,95,0,0,1264M,2084M,150M,4189M,14k,13k
1621811699,3,2,95,0,0,1264M,2084M,150M,4189M,21k,20k
1621811700,5,2,93,0,0,1265M,2083M,150M,4189M,11k,10k
1621811701,4,2,93,1,0,1265M,2084M,150M,4189M,93k,60k
1621811702,10,2,87,1,0,1267M,2081M,150M,4189M,14k,13k
1621811703,14,3,82,1,0,1258M,2091M,150M,4189M,83k,47k
1621811704,8,1,91,0,0,1258M,2090M,150M,4189M,17k,17k
1621811705,3,2,95,0,0,1258M,2090M,150M,4189M,13k,11k
1621811706,3,2,94,0,0,1263M,2086M,150M,4189M,7863B,7707B
1621811707,6,2,91,1,0,1258M,2090M,150M,4189M,35k,33k
1621811708,4,2,94,0,0,1258M,2091M,150M,4189M,9854B,9701B
1621811709,4,2,94,0,0,1258M,2091M,150M,4189M,15k,25k
1621811710,4,2,95,0,0,1258M,2091M,150M,4189M,13k,14k
1621811711,4,1,94,1,0,1258M,2091M,150M,4189M,106k,70k
1621811712,5,3,91,1,0,1265M,2084M,150M,4189M,23k,21k
1621811713,8,4,88,0,0,1258M,2091M,150M,4189M,68k,39k
1621811714,3,3,94,1,0,1259M,2090M,150M,4189M,17k,15k
1621811715,4,2,95,0,0,1259M,2090M,150M,4189M,12k,12k
1621811716,6,2,92,1,0,1259M,2090M,150M,4189M,17k,15k
1621811717,6,3,91,1,0,1257M,2091M,150M,4189M,25k,25k
1621811718,3,2,96,0,0,1257M,2091M,150M,4189M,17k,15k
1621811719,4,1,95,0,0,1257M,2091M,150M,4189M,12k,12k
1621811720,4,2,94,1,0,1257M,2091M,150M,4189M,17k,15k
1621811721,4,1,95,0,0,1257M,2091M,150M,4189M,44k,22k
1621811722,6,3,90,1,0,1264M,2085M,150M,4189M,59k,45k
1621811723,7,5,88,0,0,1258M,2091M,150M,4189M,76k,42k
1621811724,3,1,96,0,0,1258M,2091M,150M,4189M,15k,13k
1621811725,4,1,95,0,0,1258M,2091M,150M,4189M,6343B,5247B
1621811726,3,2,94,0,0,1258M,2090M,150M,4189M,19k,18k
1621811727,5,1,94,1,0,1257M,2092M,150M,4189M,26k,25k
1621811728,3,3,94,1,0,1257M,2091M,150M,4189M,22k,19k
1621811729,3,1,95,0,0,1257M,2091M,150M,4189M,4903B,4954B
1621811730,4,1,95,0,0,1257M,2091M,150M,4189M,17k,15k
1621811731,5,2,93,0,0,1257M,2092M,150M,4189M,8945k,17M
1621811732,7,2,90,1,0,1265M,2084M,150M,4189M,1376k,2609k
1621811733,10,3,87,0,0,1257M,2092M,150M,4189M,16M,32M
1621811734,5,2,93,0,0,1257M,2091M,150M,4189M,12M,24M
1621811735,4,1,95,0,0,1257M,2092M,150M,4189M,14M,26M
1621811736,14,2,83,0,0,1269M,2073M,150M,4195M,16M,24M
1621811737,11,2,87,1,0,1270M,2068M,150M,4199M,20M,36M
1621811738,9,3,88,0,0,1271M,2063M,150M,4203M,17M,29M
1621811739,25,2,72,0,0,1317M,2017M,150M,4203M,16M,31M
1621811740,17,2,80,1,0,1351M,1983M,150M,4203M,17M,33M
1621811741,32,2,65,0,0,1310M,2023M,150M,4203M,20M,39M
1621811742,23,3,72,1,0,1291M,2036M,150M,4210M,25M,42M
1621811743,18,3,79,0,0,1273M,2047M,150M,4216M,24M,42M
1621811744,16,3,81,1,0,1263M,2054M,150M,4219M,22M,39M
1621811745,17,2,81,0,0,1279M,2036M,150M,4221M,12M,23M
1621811746,18,2,80,1,0,1310M,2005M,150M,4221M,14M,27M
1621811747,34,5,55,6,0,1374M,1936M,150M,4226M,24M,41M
1621811748,43,9,46,2,0,1334M,1968M,150M,4233M,28M,48M
1621811749,14,2,83,1,0,1328M,1973M,150M,4234M,16M,30M
1621811750,12,3,85,1,0,1273M,2027M,150M,4236M,26M,49M
1621811751,15,3,82,0,0,1282M,2012M,150M,4241M,17M,28M
1621811752,26,3,70,1,0,1322M,1973M,150M,4241M,19M,38M
1621811753,22,4,74,1,0,1344M,1947M,150M,4245M,27M,48M
1621811754,33,3,64,0,0,1285M,2002M,150M,4249M,23M,41M
1621811755,24,2,74,0,0,1319M,1968M,150M,4249M,14M,27M
1621811756,10,2,88,0,0,1329M,1954M,150M,4252M,20M,36M
1621811757,7,2,90,1,0,1267M,2013M,150M,4255M,18M,33M
1621811758,11,2,86,1,0,1265M,2015M,150M,4255M,18M,34M
1621811759,18,1,81,0,0,1268M,2007M,150M,4260M,33M,60M
1621811760,13,2,85,0,0,1264M,2007M,150M,4264M,24M,42M
1621811761,20,3,77,0,0,1275M,1988M,150M,4272M,34M,60M
1621811762,15,3,81,1,0,1277M,1981M,150M,4276M,30M,54M
1621811763,10,5,85,1,0,1275M,1982M,150M,4277M,12M,21M
1621811764,15,2,82,0,0,1278M,1974M,150M,4282M,23M,40M
1621811765,30,3,67,0,0,1340M,1904M,150M,4290M,33M,58M
1621811766,12,1,86,1,0,1329M,1915M,150M,4291M,20M,39M
1621811767,35,3,62,0,0,1369M,1872M,150M,4293M,15M,28M
1621811768,38,4,58,1,0,1321M,1912M,150M,4301M,36M,62M
1621811769,20,2,78,0,0,1334M,1893M,150M,4307M,35M,64M
1621811770,7,2,91,0,0,1283M,1944M,150M,4307M,14M,26M
1621811771,35,5,51,9,0,1342M,1877M,150M,4314M,24M,39M
1621811772,23,9,56,12,0,1338M,1880M,150M,4315M,10M,20M
1621811773,37,13,43,7,0,1393M,1823M,150M,4317M,24M,45M
1621811774,42,8,44,5,0,1396M,1809M,150M,4328M,14M,26M
1621811775,41,10,43,6,0,1343M,1851M,150M,4338M,11M,15M
1621811776,44,10,38,8,0,1416M,1774M,151M,4339M,18M,35M
1621811777,30,5,64,2,0,1451M,1736M,151M,4340M,28M,53M
1621811778,15,3,81,1,0,1392M,1794M,151M,4342M,12M,21M
1621811779,58,7,34,0,0,1490M,1684M,151M,4348M,18M,29M
1621811780,51,5,44,0,0,1538M,1632M,151M,4350M,13M,21M
1621811781,12,2,85,1,0,1543M,1625M,151M,4352M,18M,34M
1621811782,18,3,78,1,0,1550M,1616M,151M,4353M,9852k,18M
1621811783,14,4,82,1,0,1536M,1631M,151M,4353M,8352k,15M
1621811784,8,3,89,1,0,1537M,1629M,151M,4354M,5832k,10M
1621811785,14,2,84,1,0,1534M,1628M,151M,4357M,15M,26M
1621811786,48,5,47,0,0,1577M,1583M,151M,4358M,18M,34M
1621811787,64,8,26,2,0,1675M,1480M,151M,4362M,22M,38M
1621811788,31,9,53,8,0,1728M,1426M,151M,4363M,7885k,15M
1621811789,41,9,42,8,0,1762M,1381M,151M,4373M,17M,30M
1621811790,57,8,31,4,0,1828M,1311M,151M,4376M,19M,35M
1621811791,66,10,22,2,0,1799M,1335M,151M,4380M,21M,37M
1621811792,30,4,65,1,0,1804M,1330M,151M,4380M,14M,26M
1621811793,74,8,17,0,0,1815M,1312M,151M,4383M,20M,36M
1621811794,83,7,10,0,0,1926M,1200M,151M,4384M,14M,27M
1621811795,44,6,49,1,0,1861M,1264M,151M,4385M,15M,27M
1621811796,11,2,87,0,0,1865M,1258M,151M,4386M,5540k,9269k
1621811797,35,6,58,1,0,1902M,1216M,151M,4391M,15M,25M
1621811798,37,4,59,0,0,1803M,1311M,151M,4395M,19M,34M
1621811799,25,3,71,1,0,1766M,1342M,151M,4400M,29M,52M
1621811800,28,3,70,0,0,1816M,1291M,151M,4400M,12M,24M
1621811801,27,4,68,1,0,1741M,1362M,151M,4405M,29M,52M
1621811802,22,3,73,2,0,1737M,1364M,151M,4406M,15M,29M
1621811803,19,4,76,1,0,1676M,1423M,151M,4409M,17M,30M
1621811804,8,2,89,0,0,1684M,1413M,151M,4411M,13M,22M
1621811805,14,3,82,1,0,1675M,1420M,151M,4412M,13M,25M
1621811806,7,2,91,0,0,1675M,1421M,151M,4412M,10M,19M
1621811807,7,2,91,1,0,1676M,1420M,151M,4412M,14M,28M
1621811808,19,2,79,0,0,1685M,1404M,151M,4418M,25M,42M
1621811809,32,2,65,0,0,1718M,1369M,151M,4420M,17M,32M
1621811810,12,2,86,0,0,1738M,1348M,151M,4420M,10M,20M
1621811811,14,2,83,0,0,1732M,1352M,151M,4423M,8426k,14M
1621811812,23,4,72,1,0,1757M,1323M,151M,4427M,19M,33M
1621811813,25,4,71,1,0,1750M,1321M,151M,4436M,24M,38M
1621811814,29,3,68,0,0,1795M,1274M,151M,4437M,12M,22M
1621811815,12,2,85,1,0,1743M,1326M,151M,4437M,7714k,14M
1621811816,37,3,60,0,0,1794M,1270M,151M,4442M,23M,40M
1621811817,38,2,59,1,0,1743M,1320M,151M,4444M,16M,30M
1621811818,16,2,81,0,0,1781M,1277M,151M,4449M,13M,20M
1621811819,28,2,70,1,0,1820M,1231M,151M,4455M,27M,48M
1621811820,9,1,89,1,0,1824M,1226M,151M,4456M,14M,27M
1621811821,31,3,66,0,0,1856M,1194M,151M,4456M,13M,25M
1621811822,34,5,60,1,0,1806M,1238M,151M,4461M,10M,15M
1621811823,16,3,80,1,0,1804M,1240M,151M,4462M,12M,22M
1621811824,11,3,87,0,0,1764M,1275M,151M,4466M,21M,37M
1621811825,10,2,87,1,0,1711M,1327M,151M,4468M,12M,22M
1621811826,17,2,81,1,0,1695M,1337M,151M,4474M,21M,36M
1621811827,31,3,66,1,0,1744M,1283M,151M,4478M,27M,47M
1621811828,26,2,71,0,0,1754M,1269M,151M,4482M,27M,49M
1621811829,30,2,67,0,0,1791M,1229M,151M,4485M,14M,24M
1621811830,29,2,69,0,0,1741M,1275M,151M,4489M,15M,26M
1621811831,15,2,81,3,0,1743M,1269M,151M,4493M,19M,33M
1621811832,14,4,82,1,0,1741M,1269M,151M,4494M,18M,33M
1621811833,15,4,80,1,0,1751M,1254M,151M,4500M,22M,38M
1621811834,21,2,77,1,0,1755M,1246M,151M,4503M,20M,36M
1621811835,23,4,73,1,0,1746M,1255M,151M,4503M,7507k,14M
1621811836,17,2,80,1,0,1778M,1223M,151M,4504M,27M,51M
1621811837,39,5,55,1,0,1711M,1286M,151M,4508M,16M,28M
1621811838,24,2,74,0,0,1738M,1255M,151M,4511M,14M,24M
1621811839,29,3,68,0,0,1783M,1208M,151M,4513M,17M,31M
1621811840,28,2,70,0,0,1749M,1234M,151M,4521M,37M,64M
1621811841,40,3,56,1,0,1805M,1173M,151M,4526M,27M,47M
1621811842,20,3,77,0,0,1842M,1135M,151M,4526M,75k,48k
1621811843,6,5,89,1,0,1837M,1140M,151M,4527M,61k,49k
1621811844,5,1,94,0,0,1837M,1140M,151M,4527M,66k,38k
1621811845,9,2,88,1,0,1841M,1134M,151M,4529M,9941k,17M
1621811846,4,2,92,2,0,1841M,1134M,151M,4529M,2777k,5371k
1621811847,9,2,89,1,0,1833M,1142M,151M,4529M,2023k,3856k
1621811848,5,1,94,0,0,1832M,1143M,151M,4529M,1428k,2711k
1621811849,5,2,93,0,0,1832M,1143M,151M,4529M,23k,22k
1621811850,7,4,84,5,0,1715M,1267M,151M,4529M,2624k,5067k
1621811851,33,7,46,14,0,1686M,1292M,151M,4533M,12M,20M
1621811852,27,4,68,1,0,1727M,1248M,151M,4533M,8206k,15M
1621811853,11,4,85,1,0,1729M,1244M,151M,4536M,17M,30M
1621811854,18,2,79,1,0,1734M,1229M,151M,4546M,41M,70M
1621811855,8,2,89,0,0,1736M,1226M,151M,4546M,21M,41M
1621811856,8,2,89,0,0,1722M,1236M,151M,4549M,18M,32M
1621811857,8,2,89,1,0,1723M,1234M,151M,4550M,13M,25M
1621811858,4,2,94,0,0,1723M,1235M,151M,4550M,16k,15k
1621811859,6,2,92,0,0,1723M,1235M,151M,4550M,23k,19k
1621811860,9,1,89,1,0,1718M,1239M,151M,4550M,16k,16k
1621811861,20,2,78,0,0,1732M,1225M,151M,4550M,4451k,8180k
1621811862,54,7,39,1,0,1794M,1160M,151M,4551M,7356k,13M
1621811863,45,5,50,0,0,1727M,1226M,151M,4551M,2845k,5221k
1621811864,29,3,67,1,0,1782M,1171M,151M,4551M,3918k,7478k
1621811865,18,2,79,0,0,1780M,1166M,151M,4558M,26M,43M
1621811866,18,3,78,1,0,1814M,1125M,151M,4564M,24M,41M
1621811867,55,6,39,0,0,1831M,1105M,151M,4568M,26M,48M
1621811868,40,4,55,0,0,1798M,1137M,151M,4568M,15M,29M
1621811869,54,6,40,0,0,1890M,1040M,151M,4572M,15M,26M
1621811870,40,4,56,0,0,1854M,1075M,151M,4572M,18M,35M
1621811871,10,2,89,0,0,1869M,1058M,151M,4574M,15M,28M
1621811872,10,3,87,1,0,1879M,1047M,151M,4576M,9548k,17M
1621811873,16,5,78,0,0,1861M,1058M,151M,4582M,25M,42M
1621811874,24,4,70,2,0,1763M,1148M,151M,4590M,34M,58M
1621811875,18,2,80,0,0,1763M,1141M,151M,4597M,23M,38M
1621811876,13,3,83,1,0,1695M,1206M,151M,4600M,7436k,10M
1621811877,30,5,65,0,0,1754M,1143M,151M,4604M,32M,58M
1621811878,23,3,74,1,0,1796M,1100M,151M,4604M,6535k,12M
1621811879,41,4,55,0,0,1858M,1035M,151M,4607M,11M,18M
1621811880,27,3,69,0,0,1793M,1096M,151M,4611M,14M,24M
1621811881,21,3,76,0,0,1807M,1079M,151M,4615M,21M,37M
1621811882,39,6,55,1,0,1866M,1016M,151M,4618M,15M,26M
1621811883,27,4,69,1,0,1809M,1073M,151M,4618M,130k,89k
1621811884,5,2,93,1,0,1811M,1071M,151M,4618M,2601k,4971k
1621811885,5,2,93,0,0,1811M,1071M,151M,4618M,9239k,17M
1621811886,8,2,90,0,0,1816M,1063M,151M,4621M,7256k,9911k
1621811887,14,2,81,3,0,1817M,1059M,151M,4625M,14M,25M
1621811888,7,2,91,1,0,1820M,1056M,151M,4625M,278k,543k
1621811889,4,1,95,0,0,1819M,1056M,151M,4625M,19k,31k
1621811890,5,3,92,0,0,1819M,1056M,151M,4625M,17k,19k
1621811891,6,1,93,0,0,1819M,1057M,151M,4625M,15k,14k
1621811892,8,2,89,1,0,1825M,1050M,151M,4625M,3928k,7819k
1621811893,8,2,90,1,0,1819M,1056M,151M,4625M,365k,628k
1621811894,5,2,93,1,0,1819M,1056M,151M,4625M,70k,41k
1621811895,8,2,89,1,0,1815M,1061M,151M,4625M,25k,22k
1621811896,8,2,90,0,0,1801M,1074M,151M,4625M,13k,13k
1621811897,11,2,85,2,0,1795M,1079M,151M,4625M,714k,658k
1621811898,8,2,90,1,0,1796M,1077M,151M,4627M,6337k,11M
1621811899,4,2,95,0,0,1798M,1076M,151M,4627M,16k,14k
1621811900,5,2,93,0,0,1797M,1076M,151M,4627M,13k,13k
1621811901,4,2,94,0,0,1797M,1076M,151M,4627M,12k,11k
1621811902,7,3,88,2,0,1803M,1070M,151M,4627M,71k,49k
1621811903,13,4,83,1,0,1799M,1064M,151M,4637M,40M,67M
1621811904,20,4,76,0,0,1801M,1052M,151M,4648M,41M,69M
1621811905,15,2,83,0,0,1788M,1058M,151M,4653M,26M,45M
1621811906,9,2,89,0,0,1789M,1055M,151M,4656M,14M,26M
1621811907,15,3,80,3,0,1779M,1062M,151M,4659M,8345k,13M
1621811908,33,3,64,0,0,1738M,1101M,151M,4660M,11M,20M
1621811909,34,3,62,0,0,1784M,1048M,151M,4667M,27M,46M
1621811910,11,2,87,1,0,1789M,1037M,151M,4673M,25M,43M
1621811911,29,4,67,0,0,1834M,986M,151M,4678M,26M,46M
1621811912,24,4,71,1,0,1888M,932M,151M,4678M,2779k,5237k
1621811913,40,7,52,1,0,1964M,856M,151M,4678M,2862k,5584k
1621811914,37,4,59,1,0,1995M,823M,151M,4681M,5965k,8579k
1621811915,20,3,77,1,0,1983M,834M,151M,4681M,74k,48k
1621811916,3,2,95,1,0,1983M,834M,151M,4681M,19k,16k
1621811917,10,2,87,1,0,1979M,839M,151M,4681M,18k,20k
1621811918,20,2,77,1,0,1990M,824M,151M,4684M,23M,42M
1621811919,29,2,69,0,0,2019M,795M,151M,4684M,3338k,6391k
1621811920,7,3,90,1,0,2016M,798M,151M,4684M,1422k,2710k
1621811921,5,1,93,0,0,2016M,798M,151M,4684M,6148B,6040B
1621811922,10,2,87,1,0,2021M,793M,151M,4684M,65k,40k
1621811923,8,4,88,0,0,2018M,795M,151M,4685M,6053k,10M
1621811924,16,3,80,1,0,2032M,771M,151M,4695M,58M,104M
1621811925,24,4,72,0,0,2090M,709M,151M,4699M,21M,37M
1621811926,27,2,70,1,0,2078M,715M,151M,4705M,41M,74M
1621811927,10,3,87,1,0,2085M,705M,151M,4708M,11M,19M
1621811928,36,4,59,1,0,2011M,774M,151M,4713M,26M,46M
1621811929,88,8,4,0,0,2162M,619M,151M,4716M,14M,24M
1621811930,93,7,0,0,0,2245M,535M,151M,4717M,7780k,14M
1621811931,95,5,0,0,0,2237M,543M,151M,4717M,8979k,17M
1621811932,89,10,0,0,0,1884M,895M,151M,4718M,9980k,18M
1621811933,89,9,2,0,0,2021M,757M,151M,4719M,3689k,6668k
1621811934,23,5,72,1,0,2066M,708M,151M,4723M,11M,17M
1621811935,19,3,78,0,0,2053M,716M,151M,4727M,17M,29M
1621811936,10,3,88,0,0,2057M,713M,151M,4728M,8277k,16M
1621811937,7,3,89,1,0,2055M,713M,151M,4729M,11M,20M
1621811938,14,2,80,4,0,2059M,704M,151M,4734M,21M,37M
1621811939,14,2,84,0,0,2060M,698M,151M,4738M,21M,36M
1621811940,8,3,89,0,0,2063M,691M,151M,4742M,13M,22M
1621811941,18,3,78,0,0,2034M,715M,151M,4747M,25M,44M
1621811942,31,4,65,0,0,2063M,685M,151M,4749M,19M,36M
1621811943,58,7,35,1,0,2170M,571M,151M,4755M,34M,60M
1621811944,42,3,53,1,0,2219M,521M,151M,4756M,8794k,16M
1621811945,29,5,66,1,0,1961M,776M,151M,4759M,17M,30M
1621811946,34,4,62,0,0,1979M,756M,151M,4760M,4863k,7789k
1621811947,54,5,41,0,0,1810M,924M,151M,4761M,3771k,6249k
1621811948,48,5,46,0,0,1915M,817M,151M,4764M,11M,19M
1621811949,23,2,74,1,0,1933M,797M,151M,4765M,15M,29M
1621811950,49,3,47,0,0,1993M,734M,151M,4768M,19M,34M
1621811951,43,4,53,0,0,1929M,794M,151M,4772M,25M,45M
1621811952,48,7,45,0,0,1928M,792M,151M,4774M,14M,25M
1621811953,48,7,45,1,0,1946M,770M,151M,4779M,16M,26M
1621811954,43,5,51,1,0,1870M,844M,151M,4780M,15M,28M
1621811955,38,5,56,1,0,1897M,810M,151M,4788M,27M,45M
1621811956,41,3,55,1,0,1962M,735M,151M,4798M,44M,75M
1621811957,30,4,65,1,0,1748M,949M,151M,4798M,16M,30M
1621811958,38,4,58,0,0,1801M,888M,151M,4804M,24M,38M
1621811959,15,3,81,1,0,1765M,919M,151M,4810M,34M,61M
1621811960,24,3,73,0,0,1795M,885M,151M,4813M,12M,20M
1621811961,25,2,73,0,0,1727M,952M,151M,4814M,12M,23M
1621811962,30,4,66,0,0,1768M,906M,151M,4819M,17M,28M
1621811963,16,3,80,1,0,1763M,907M,151M,4823M,25M,45M
1621811964,15,3,80,1,0,1711M,955M,151M,4827M,24M,43M
1621811965,14,4,82,0,0,1721M,937M,151M,4836M,25M,41M
1621811966,20,3,77,0,0,1703M,946M,151M,4844M,28M,48M
1621811967,14,3,83,1,0,1732M,908M,151M,4852M,45M,79M
1621811968,25,2,73,0,0,1720M,912M,151M,4861M,35M,61M
1621811969,12,1,86,1,0,1716M,914M,151M,4862M,19M,36M
1621811970,8,1,91,0,0,1719M,907M,151M,4866M,22M,38M
1621811971,16,3,82,0,0,1716M,906M,151M,4870M,19M,34M
1621811972,10,3,87,0,0,1732M,886M,151M,4874M,34M,63M
1621811973,22,4,72,1,0,1716M,894M,151M,4883M,41M,72M
1621811974,15,3,81,2,0,1717M,887M,151M,4888M,28M,49M
1621811975,15,4,81,1,0,1720M,876M,151M,4896M,27M,45M
1621811976,39,3,57,0,0,1766M,824M,151M,4901M,22M,38M
1621811977,25,3,71,1,0,1772M,811M,151M,4908M,19M,31M
1621811978,33,3,64,0,0,1811M,766M,151M,4913M,26M,46M
1621811979,26,4,70,1,0,1784M,789M,151M,4918M,23M,40M
1621811980,22,3,75,1,0,1773M,790M,151M,4927M,29M,47M
1621811981,12,2,86,0,0,1775M,788M,151M,4928M,20M,40M
1621811982,17,3,80,0,0,1714M,847M,151M,4929M,21M,39M
1621811983,25,4,69,1,0,1716M,835M,151M,4939M,28M,45M
1621811984,14,3,83,0,0,1715M,834M,151M,4941M,12M,23M
1621811985,30,5,63,2,0,1774M,772M,151M,4944M,14M,24M
1621811986,32,4,64,0,0,1819M,720M,151M,4951M,22M,35M
1621811987,24,3,72,1,0,1866M,671M,151M,4953M,14M,25M
1621811988,79,8,14,0,0,1957M,575M,151M,4958M,19M,32M
1621811989,61,6,32,1,0,1846M,684M,151M,4960M,12M,22M
1621811990,31,3,62,4,0,1910M,619M,151M,4961M,17M,31M
1621811991,75,7,18,0,0,1828M,700M,151M,4961M,3025k,5636k
1621811992,77,9,13,1,0,1854M,673M,151M,4961M,6214k,11M
1621811993,59,8,33,1,0,1787M,739M,151M,4963M,3704k,5912k
1621811994,16,2,81,1,0,1704M,822M,151M,4963M,309k,393k
1621811995,6,3,86,5,0,1704M,822M,151M,4963M,2928k,5469k
1621811996,15,3,83,0,0,1694M,829M,151M,4966M,26M,48M
1621811997,27,2,70,1,0,1751M,771M,151M,4967M,12M,21M
1621811998,38,6,56,0,0,1829M,685M,151M,4975M,29M,50M
1621811999,44,3,52,0,0,1794M,718M,151M,4977M,15M,27M
1621812000,53,4,43,0,0,1841M,668M,151M,4980M,21M,37M
1621812001,37,5,54,4,0,1799M,700M,151M,4989M,39M,66M
1621812002,30,4,66,0,0,1816M,675M,151M,4997M,25M,42M
1621812003,27,4,68,1,0,1859M,630M,151M,4999M,16M,30M
1621812004,19,2,79,0,0,1862M,624M,151M,5002M,16M,29M
1621812005,10,3,87,1,0,1863M,621M,151M,5004M,16M,30M
1621812006,20,2,75,4,0,1835M,643M,151M,5009M,13M,19M
1621812007,36,4,59,1,0,1728M,747M,151M,5012M,13M,23M
1621812008,33,5,62,0,0,1781M,690M,151M,5017M,15M,26M
1621812009,26,3,71,0,0,1824M,645M,151M,5019M,23M,42M
1621812010,21,2,77,0,0,1862M,606M,151M,5019M,12M,24M
1621812011,12,3,81,4,0,1854M,610M,151M,5023M,6565k,8626k
1621812012,15,4,80,1,0,1896M,563M,151M,5029M,17M,27M
1621812013,74,8,18,0,0,1949M,509M,151M,5029M,7311k,14M
1621812014,75,7,19,0,0,1946M,511M,151M,5030M,8286k,15M
1621812015,54,5,41,1,0,1958M,500M,151M,5030M,2920k,5540k
1621812016,39,4,57,0,0,2035M,422M,151M,5030M,5200k,9609k
1621812017,70,5,22,2,0,1930M,519M,151M,5038M,26M,41M
1621812018,64,6,30,0,0,2005M,443M,151M,5039M,11M,22M
1621812019,42,3,55,0,0,1981M,454M,151M,5052M,35M,57M
1621812020,11,1,88,0,0,1972M,462M,151M,5052M,14M,28M
1621812021,10,1,89,0,0,1968M,464M,151M,5054M,18M,33M
1621812022,13,3,82,2,0,2003M,423M,151M,5060M,21M,34M
1621812023,20,4,76,1,0,1974M,450M,151M,5062M,17M,32M
1621812024,18,3,79,0,0,1981M,434M,151M,5071M,33M,56M
1621812025,9,3,88,1,0,1940M,473M,151M,5072M,23M,44M
1621812026,14,2,83,0,0,1872M,538M,151M,5076M,15M,25M
1621812027,11,1,87,1,0,1759M,648M,151M,5078M,13M,24M
1621812028,9,3,89,0,0,1709M,695M,151M,5082M,26M,47M
1621812029,15,2,82,1,0,1706M,691M,151M,5088M,25M,42M
1621812030,14,2,84,0,0,1735M,657M,151M,5094M,12M,18M
1621812031,40,5,54,0,0,1814M,573M,151M,5098M,23M,41M
1621812032,27,5,61,7,0,1849M,535M,151M,5100M,28M,53M
1621812033,75,7,18,1,0,1913M,465M,152M,5107M,26M,43M
1621812034,64,7,29,0,0,1823M,551M,152M,5109M,23M,43M
1621812035,62,7,30,1,0,1951M,420M,152M,5113M,11M,18M
1621812036,62,5,33,0,0,1901M,467M,152M,5116M,16M,27M
1621812037,74,8,16,2,0,1960M,394M,152M,5130M,52M,87M
1621812038,34,4,62,0,0,1927M,425M,152M,5131M,23M,45M
1621812039,26,4,70,0,0,1844M,505M,152M,5135M,14M,23M
1621812040,76,6,18,0,0,1960M,388M,152M,5136M,15M,29M
1621812041,35,4,61,0,0,1866M,481M,152M,5136M,13M,25M
1621812042,57,6,36,1,0,1964M,377M,152M,5142M,28M,48M
1621812043,67,7,25,1,0,1846M,482M,152M,5155M,30M,45M
1621812044,27,3,69,1,0,1892M,433M,152M,5158M,24M,45M
1621812045,15,3,82,0,0,1875M,447M,152M,5160M,17M,30M
1621812046,14,3,83,1,0,1832M,485M,152M,5165M,22M,37M
1621812047,11,4,85,1,0,1830M,484M,152M,5168M,17M,31M
1621812048,11,2,86,1,0,1827M,484M,152M,5171M,16M,28M
1621812049,15,2,82,0,0,1812M,499M,152M,5172M,11M,21M
1621812050,7,2,90,0,0,1816M,491M,152M,5175M,18M,32M
1621812051,13,2,84,0,0,1766M,537M,152M,5179M,16M,26M
1621812052,16,3,81,0,0,1771M,524M,152M,5187M,19M,28M
1621812053,18,4,75,3,0,1768M,525M,152M,5189M,20M,38M
1621812054,26,3,70,0,0,1807M,482M,152M,5193M,14M,24M
1621812055,15,4,81,1,0,1756M,528M,152M,5198M,23M,40M
1621812056,32,4,64,0,0,1796M,484M,152M,5202M,13M,21M
1621812057,24,2,73,1,0,1718M,560M,152M,5204M,16M,29M
1621812058,20,3,75,2,0,1769M,500M,152M,5212M,30M,51M
1621812059,22,2,76,0,0,1755M,507M,152M,5218M,32M,56M
1621812060,17,4,67,12,0,1761M,497M,152M,5222M,30M,56M
1621812061,31,7,48,14,0,1828M,428M,152M,5224M,9946k,17M
1621812062,44,7,47,2,0,1811M,439M,152M,5231M,22M,36M
1621812063,49,7,43,1,0,1873M,375M,152M,5232M,7951k,13M
1621812064,80,8,12,0,0,1916M,327M,152M,5237M,32M,57M
1621812065,59,6,34,0,0,1911M,328M,152M,5241M,23M,42M
1621812066,51,5,43,1,0,1985M,250M,152M,5245M,23M,40M
1621812067,61,5,34,1,0,1886M,342M,152M,5251M,24M,42M
1621812068,39,3,58,0,0,1871M,352M,152M,5256M,24M,42M
1621812069,28,3,69,0,0,1893M,326M,152M,5261M,25M,45M
1621812070,40,4,56,0,0,1975M,239M,152M,5265M,26M,46M
1621812071,49,4,47,0,0,1970M,243M,152M,5266M,9885k,18M
1621812072,76,5,19,0,0,1900M,307M,152M,5272M,35M,63M
1621812073,53,7,40,0,0,1879M,325M,152M,5275M,23M,42M
1621812074,37,3,59,0,0,1821M,378M,152M,5280M,20M,34M
1621812075,34,4,63,0,0,1830M,364M,152M,5285M,22M,39M
1621812076,36,4,59,1,0,1822M,365M,152M,5292M,30M,50M
1621812077,27,3,69,1,0,1854M,327M,152M,5298M,25M,42M
1621812078,48,4,47,0,0,1772M,408M,152M,5298M,11M,20M
1621812079,34,5,61,1,0,1814M,356M,152M,5308M,27M,43M
1621812080,23,3,74,0,0,1835M,327M,152M,5315M,24M,40M
1621812081,31,4,64,0,0,1868M,291M,152M,5319M,37M,69M
1621812082,30,4,66,0,0,1765M,390M,152M,5322M,13M,22M
1621812083,22,6,72,1,0,1787M,365M,152M,5326M,19M,32M
1621812084,28,3,69,0,0,1744M,405M,152M,5328M,13M,24M
1621812085,10,2,88,0,0,1747M,399M,152M,5331M,25M,45M
1621812086,24,3,64,8,0,1763M,379M,152M,5335M,20M,35M
1621812087,43,9,35,14,0,1721M,413M,152M,5342M,20M,32M
1621812088,33,3,63,1,0,1764M,368M,152M,5345M,14M,25M
1621812089,13,2,85,1,0,1769M,361M,152M,5346M,14M,27M
1621812090,13,2,85,0,0,1782M,341M,152M,5353M,22M,36M
1621812091,16,3,81,0,0,1755M,366M,152M,5355M,18M,33M
1621812092,25,5,70,0,0,1764M,355M,152M,5357M,11M,20M
1621812093,45,5,49,0,0,1802M,310M,152M,5364M,25M,41M
1621812094,10,2,87,0,0,1807M,303M,152M,5366M,10M,18M
1621812095,37,3,60,0,0,1883M,226M,152M,5367M,13M,24M
1621812096,65,6,29,0,0,1881M,225M,152M,5369M,13M,22M
1621812097,34,3,61,1,0,1848M,257M,152M,5370M,8463k,16M
1621812098,41,4,55,0,0,1910M,188M,152M,5378M,28M,48M
1621812099,30,3,66,1,0,1844M,254M,152M,5378M,9603k,18M
1621812100,38,4,58,0,0,1927M,166M,152M,5382M,26M,45M
1621812101,47,7,46,1,0,2007M,118M,150M,5356M,38M,66M
1621812102,42,5,54,0,0,1898M,257M,150M,5327M,14M,28M
1621812103,66,9,24,1,0,1885M,264M,150M,5333M,23M,42M
1621812104,47,3,50,1,0,1818M,325M,150M,5339M,28M,48M
1621812105,31,3,65,0,0,1834M,303M,150M,5344M,21M,37M
1621812106,33,4,62,0,0,1747M,385M,150M,5349M,18M,30M
1621812107,42,3,55,0,0,1738M,385M,150M,5358M,37M,64M
1621812108,8,2,90,0,0,1747M,373M,150M,5361M,19M,34M
1621812109,14,2,84,0,0,1750M,367M,150M,5364M,11M,19M
1621812110,9,2,89,0,0,1700M,414M,150M,5367M,24M,45M
1621812111,31,4,65,0,0,1703M,408M,150M,5369M,14M,25M
1621812112,18,3,79,0,0,1740M,369M,150M,5372M,16M,28M
1621812113,34,6,59,1,0,1797M,304M,150M,5380M,26M,42M
1621812114,48,4,48,0,0,1870M,231M,150M,5380M,244k,268k
1621812115,68,8,25,0,0,1757M,342M,150M,5382M,6228k,9695k
1621812116,23,4,74,0,0,1684M,412M,150M,5384M,5454k,7610k
1621812117,4,2,92,1,0,1685M,411M,150M,5384M,8008k,15M
1621812118,22,4,74,0,0,1740M,355M,150M,5386M,16M,30M
1621812119,8,1,90,0,0,1741M,353M,150M,5386M,13M,24M
1621812120,33,4,63,0,0,1794M,296M,150M,5390M,31M,56M
1621812121,52,5,42,0,0,1811M,269M,150M,5400M,34M,57M
1621812122,31,4,65,0,0,1839M,240M,150M,5401M,20M,37M
1621812123,21,4,71,3,0,1869M,202M,150M,5409M,26M,43M
1621812124,35,3,62,0,0,1916M,148M,150M,5415M,36M,63M
1621812125,53,6,41,0,0,1844M,220M,150M,5415M,17M,33M
1621812126,83,9,8,0,0,1942M,132M,150M,5405M,23M,37M
1621812127,38,4,37,22,0,1891M,197M,149M,5394M,25M,46M
1621812128,40,4,55,1,0,1930M,155M,149M,5396M,15M,28M
1621812129,56,6,37,0,0,1792M,290M,149M,5399M,16M,28M
1621812130,44,3,53,0,0,1868M,208M,149M,5405M,15M,23M
1621812131,11,2,87,1,0,1806M,270M,149M,5405M,8098k,15M
1621812132,6,3,91,0,0,1815M,259M,149M,5407M,15M,26M
1621812133,16,4,80,1,0,1824M,245M,149M,5412M,25M,44M
1621812134,11,2,86,0,0,1703M,363M,149M,5414M,12M,21M
1621812135,4,2,93,0,0,1703M,364M,149M,5414M,2537k,4819k
1621812136,4,2,93,1,0,1704M,363M,149M,5414M,2374k,4432k
1621812137,5,2,92,1,0,1704M,363M,149M,5414M,31k,26k
1621812138,4,1,95,0,0,1704M,363M,149M,5414M,3908k,7515k
1621812139,14,2,84,1,0,1713M,350M,149M,5417M,10M,15M
1621812140,15,3,82,0,0,1699M,356M,149M,5425M,32M,55M
1621812141,8,2,90,1,0,1703M,348M,149M,5428M,21M,37M
1621812142,15,4,80,0,0,1727M,315M,149M,5437M,33M,55M
1621812143,24,4,71,1,0,1684M,350M,149M,5444M,35M,62M
1621812144,11,2,86,0,0,1691M,340M,149M,5449M,20M,34M
1621812145,22,4,74,1,0,1715M,302M,149M,5461M,47M,80M
1621812146,17,1,82,0,0,1694M,320M,149M,5464M,19M,35M
1621812147,12,1,86,1,0,1696M,316M,149M,5467M,17M,31M
1621812148,16,4,80,0,0,1705M,299M,149M,5474M,28M,47M
1621812149,15,2,82,1,0,1713M,284M,149M,5480M,21M,36M
1621812150,37,4,59,0,0,1755M,236M,149M,5487M,24M,40M
1621812151,38,3,58,0,0,1827M,160M,149M,5490M,21M,38M
1621812152,44,4,53,0,0,1890M,126M,148M,5464M,18M,34M
1621812153,64,8,27,1,0,1742M,294M,148M,5445M,28M,47M
1621812154,68,7,25,0,0,1866M,167M,148M,5448M,15M,27M
1621812155,30,3,67,0,0,1919M,135M,147M,5428M,14M,27M
1621812156,33,4,63,0,0,1873M,180M,147M,5429M,9386k,17M
1621812157,42,4,52,1,0,1891M,152M,147M,5439M,18M,25M
1621812158,50,4,46,0,0,1802M,238M,147M,5441M,23M,43M
1621812159,33,3,63,0,0,1761M,275M,147M,5446M,15M,25M
1621812160,45,5,50,0,0,1772M,258M,147M,5451M,21M,36M
1621812161,46,4,49,0,0,1735M,289M,147M,5457M,16M,26M
1621812162,22,3,75,0,0,1768M,255M,147M,5458M,20M,38M
1621812163,28,5,65,2,0,1793M,228M,147M,5459M,15M,28M
1621812164,31,4,64,1,0,1694M,322M,147M,5464M,19M,32M
1621812165,16,3,82,0,0,1716M,299M,147M,5465M,7827k,15M
1621812166,15,2,83,1,0,1712M,301M,147M,5467M,19M,36M
1621812167,32,3,64,1,0,1776M,231M,147M,5473M,19M,31M
1621812168,12,3,84,0,0,1721M,281M,147M,5478M,12M,18M
1621812169,37,3,59,0,0,1765M,230M,147M,5484M,22M,37M
1621812170,23,3,75,0,0,1803M,188M,147M,5489M,27M,47M
1621812171,55,5,40,0,0,1776M,210M,147M,5493M,28M,50M
1621812172,53,5,41,0,0,1874M,123M,147M,5483M,9369k,15M
1621812173,36,6,54,4,0,1833M,168M,147M,5479M,16M,28M
1621812174,38,3,59,0,0,1863M,136M,147M,5481M,18M,34M
1621812175,27,4,68,0,0,1821M,178M,147M,5481M,11M,20M
1621812176,43,6,50,1,0,1902M,115M,146M,5464M,19M,28M
1621812177,37,5,57,1,0,1953M,149M,145M,5383M,16M,26M
1621812178,13,3,84,1,0,1942M,157M,145M,5386M,15M,26M
1621812179,32,4,60,4,0,1985M,140M,144M,5362M,29M,53M
1621812180,85,7,8,0,0,2063M,140M,142M,5288M,18M,33M
1621812181,71,9,19,1,0,1882M,311M,142M,5298M,13M,22M
1621812182,36,3,60,1,0,1871M,319M,142M,5300M,18M,32M
1621812183,44,7,49,0,0,1874M,308M,142M,5308M,28M,47M
1621812184,12,3,82,3,0,1865M,315M,142M,5310M,7544k,13M
1621812185,12,2,85,1,0,1876M,298M,142M,5316M,23M,39M
1621812186,35,5,59,1,0,1856M,313M,142M,5320M,21M,37M
1621812187,37,3,59,1,0,1824M,339M,142M,5326M,23M,39M
1621812188,26,3,71,0,0,1870M,292M,142M,5327M,17M,32M
1621812189,24,3,72,1,0,1918M,237M,142M,5333M,28M,49M
1621812190,64,6,30,0,0,1930M,218M,142M,5340M,28M,47M
1621812191,49,6,45,0,0,1895M,244M,142M,5349M,34M,58M
1621812192,53,5,42,1,0,1796M,338M,142M,5354M,22M,37M
1621812193,55,6,40,0,0,1743M,390M,142M,5355M,20M,37M
1621812194,40,6,54,1,0,1717M,408M,142M,5362M,30M,51M
1621812195,38,4,57,0,0,1762M,361M,142M,5364M,13M,24M
1621812196,24,3,73,1,0,1731M,391M,142M,5365M,15M,28M
1621812197,49,5,45,1,0,1728M,390M,142M,5369M,11M,17M
1621812198,48,4,47,0,0,1762M,353M,142M,5372M,23M,41M
1621812199,28,3,67,2,0,1799M,315M,142M,5373M,10M,19M
1621812200,54,5,40,1,0,1683M,430M,142M,5373M,13M,24M
1621812201,36,4,59,0,0,1761M,350M,142M,5376M,9769k,15M
1621812202,24,2,74,1,0,1778M,326M,142M,5382M,22M,36M
1621812203,17,4,79,0,0,1730M,370M,142M,5386M,29M,51M
1621812204,11,2,86,1,0,1673M,426M,142M,5387M,13M,25M
1621812205,7,4,87,2,0,1674M,424M,142M,5388M,4604k,8566k
1621812206,19,2,79,0,0,1666M,428M,142M,5392M,18M,30M
1621812207,19,3,78,1,0,1629M,462M,142M,5395M,22M,40M
1621812208,28,4,68,0,0,1676M,407M,142M,5403M,22M,35M
1621812209,32,2,66,0,0,1690M,387M,142M,5408M,29M,52M
1621812210,35,2,60,2,0,1628M,445M,142M,5413M,30M,54M
1621812211,30,3,67,0,0,1677M,393M,142M,5416M,29M,54M
1621812212,13,4,83,1,0,1696M,366M,142M,5424M,26M,43M
1621812213,13,4,83,0,0,1676M,385M,142M,5425M,9847k,18M
1621812214,17,3,79,1,0,1671M,383M,142M,5432M,25M,41M
1621812215,12,2,84,3,0,1671M,381M,142M,5433M,24M,46M
1621812216,12,3,85,1,0,1631M,411M,142M,5442M,37M,62M
1621812217,11,2,86,1,0,1620M,422M,142M,5443M,17M,32M
1621812218,14,2,84,1,0,1616M,421M,142M,5447M,19M,32M
1621812219,34,4,62,0,0,1701M,334M,142M,5449M,25M,48M
1621812220,21,3,73,3,0,1732M,302M,142M,5451M,17M,32M
1621812221,52,4,43,0,0,1806M,222M,142M,5457M,29M,50M
1621812222,56,6,37,1,0,1690M,332M,142M,5462M,23M,39M
1621812223,30,5,66,0,0,1732M,287M,142M,5464M,24M,44M
1621812224,10,2,87,1,0,1737M,282M,142M,5466M,21M,39M
1621812225,13,2,82,3,0,1681M,333M,142M,5470M,10M,15M
1621812226,15,2,82,0,0,1683M,326M,142M,5475M,27M,47M
1621812227,22,4,74,1,0,1612M,393M,142M,5479M,26M,46M
1621812228,14,3,83,0,0,1625M,375M,142M,5484M,32M,56M
1621812229,22,2,76,0,0,1625M,363M,142M,5494M,31M,51M
1621812230,12,2,86,1,0,1619M,368M,142M,5496M,12M,22M
1621812231,13,2,85,1,0,1623M,360M,142M,5500M,21M,38M
1621812232,13,3,84,1,0,1622M,358M,142M,5503M,12M,20M
1621812233,16,5,79,0,0,1648M,330M,142M,5505M,10M,18M
1621812234,18,3,78,1,0,1675M,301M,142M,5507M,12M,22M
1621812235,28,4,68,0,0,1710M,262M,142M,5510M,13M,20M
1621812236,61,5,32,1,0,1702M,270M,142M,5510M,13M,24M
1621812237,89,10,1,0,0,1858M,122M,142M,5504M,35M,60M
1621812238,65,5,30,0,0,1931M,128M,140M,5428M,31M,56M
1621812239,82,9,10,0,0,1959M,132M,140M,5398M,18M,34M
1621812240,86,7,7,0,0,2055M,130M,138M,5307M,14M,24M
1621812241,77,9,13,0,0,1877M,304M,138M,5312M,30M,52M
1621812242,60,5,35,1,0,1974M,205M,138M,5313M,6781k,12M
1621812243,32,5,63,0,0,1916M,258M,138M,5318M,31M,57M
1621812244,22,4,74,1,0,1868M,300M,138M,5324M,18M,29M
1621812245,38,4,58,0,0,1964M,201M,138M,5327M,10M,18M
1621812246,12,2,84,3,0,1977M,188M,138M,5327M,18M,35M
1621812247,25,3,71,1,0,1966M,196M,138M,5330M,10M,17M
1621812248,60,4,35,0,0,2070M,126M,138M,5297M,10M,18M
1621812249,76,8,16,0,0,1937M,263M,138M,5293M,21M,36M
1621812250,30,2,67,1,0,1916M,278M,138M,5299M,22M,37M
1621812251,23,5,72,0,0,1842M,348M,138M,5302M,23M,41M
1621812252,38,5,56,1,0,1728M,457M,138M,5309M,21M,34M
1621812253,26,4,70,0,0,1759M,421M,138M,5312M,14M,24M
1621812254,11,2,87,0,0,1767M,410M,138M,5316M,17M,31M
1621812255,13,2,85,1,0,1694M,483M,138M,5316M,4378k,8072k
1621812256,23,3,74,0,0,1702M,471M,138M,5319M,7728k,11M
1621812257,13,3,81,3,0,1702M,468M,138M,5322M,11M,17M
1621812258,15,2,83,0,0,1730M,439M,138M,5322M,13M,25M
1621812259,36,4,60,0,0,1624M,544M,138M,5325M,10M,18M
1621812260,22,3,74,0,0,1661M,505M,138M,5326M,5006k,8046k
1621812261,28,3,69,0,0,1702M,458M,138M,5331M,28M,50M
1621812262,24,4,70,3,0,1709M,444M,138M,5338M,24M,39M
1621812263,26,6,67,1,0,1745M,402M,138M,5344M,28M,49M
1621812264,55,5,40,0,0,1764M,376M,138M,5351M,18M,29M
1621812265,26,4,69,1,0,1716M,420M,138M,5354M,19M,33M
1621812266,29,3,68,0,0,1767M,369M,138M,5354M,6123k,11M
1621812267,36,4,58,2,0,1695M,437M,138M,5359M,21M,37M
1621812268,21,3,76,1,0,1727M,393M,138M,5370M,29M,45M
1621812269,28,2,70,0,0,1715M,399M,138M,5377M,44M,80M
1621812270,28,3,69,0,0,1645M,466M,138M,5379M,27M,50M
1621812271,29,4,68,0,0,1715M,389M,138M,5386M,24M,39M
1621812272,46,4,49,1,0,1772M,331M,138M,5387M,17M,32M
1621812273,45,8,47,0,0,1745M,354M,138M,5391M,22M,40M
1621812274,37,5,57,0,0,1683M,410M,138M,5396M,19M,33M
1621812275,28,4,68,0,0,1712M,376M,138M,5401M,27M,47M
1621812276,12,2,86,1,0,1663M,421M,138M,5405M,25M,45M
1621812277,41,5,53,1,0,1714M,357M,138M,5419M,50M,85M
1621812278,47,4,48,1,0,1720M,345M,138M,5423M,24M,43M
1621812279,40,3,57,0,0,1781M,280M,138M,5427M,13M,21M
1621812280,49,7,43,0,0,1763M,297M,138M,5429M,12M,21M
1621812281,34,4,62,0,0,1715M,340M,138M,5433M,25M,45M
1621812282,11,2,86,1,0,1738M,310M,138M,5440M,26M,43M
1621812283,27,5,67,1,0,1623M,420M,138M,5444M,28M,51M
1621812284,12,2,86,0,0,1627M,413M,138M,5448M,21M,38M
1621812285,11,2,87,0,0,1613M,424M,138M,5451M,19M,33M
1621812286,39,3,58,0,0,1642M,384M,138M,5462M,29M,46M
1621812287,18,2,79,1,0,1679M,345M,138M,5463M,22M,42M
1621812288,41,2,53,4,0,1709M,308M,138M,5470M,30M,53M
1621812289,32,3,65,0,0,1648M,366M,138M,5474M,27M,50M
1621812290,10,2,88,0,0,1662M,348M,138M,5477M,14M,24M
1621812291,12,2,85,0,0,1603M,406M,138M,5478M,20M,39M
1621812292,9,2,89,0,0,1618M,387M,138M,5482M,14M,23M
1621812293,47,6,44,2,0,1660M,336M,138M,5491M,25M,40M
1621812294,20,2,78,0,0,1672M,323M,138M,5492M,19M,37M
1621812295,23,3,73,1,0,1705M,288M,138M,5493M,16M,30M
1621812296,53,5,42,0,0,1823M,168M,138M,5495M,12M,22M
1621812297,80,7,12,1,0,1840M,184M,137M,5464M,19M,34M
1621812298,73,7,20,0,0,1856M,167M,137M,5465M,7562k,13M
1621812299,83,9,9,0,0,1872M,150M,137M,5466M,16M,30M
1621812300,59,7,35,0,0,1865M,222M,136M,5404M,20M,32M
1621812301,46,6,47,1,0,1957M,127M,136M,5406M,27M,50M
1621812302,74,7,19,0,0,2071M,123M,134M,5302M,16M,27M
1621812303,69,10,19,1,0,1957M,244M,134M,5294M,30M,51M
1621812304,53,4,43,0,0,2034M,166M,134M,5296M,20M,37M
1621812305,27,4,69,0,0,1990M,204M,134M,5301M,17M,28M
1621812306,17,2,81,1,0,1930M,261M,134M,5304M,16M,27M
1621812307,12,2,85,1,0,1878M,312M,134M,5305M,5554k,10M
1621812308,9,3,87,1,0,1823M,365M,134M,5306M,11M,19M
1621812309,25,3,68,5,0,1872M,316M,134M,5307M,6717k,12M
1621812310,11,2,87,0,0,1875M,307M,134M,5313M,14M,21M
1621812311,17,3,80,0,0,1871M,310M,134M,5314M,20M,39M
1621812312,39,3,58,1,0,1867M,312M,134M,5316M,11M,20M
1621812313,31,5,64,0,0,1737M,440M,134M,5317M,12M,22M
1621812314,26,5,67,2,0,1716M,460M,134M,5318M,9874k,18M
1621812315,26,3,71,0,0,1774M,396M,134M,5324M,24M,41M
1621812316,31,3,66,0,0,1821M,345M,134M,5329M,17M,27M
1621812317,58,5,36,0,0,1869M,295M,134M,5330M,9720k,17M
1621812318,43,5,51,1,0,1728M,435M,134M,5332M,11M,21M
1621812319,21,2,75,2,0,1755M,406M,134M,5333M,13M,24M
1621812320,8,2,89,1,0,1768M,389M,134M,5337M,20M,34M
1621812321,11,3,86,0,0,1596M,559M,134M,5338M,18M,35M
1621812322,20,4,75,1,0,1603M,545M,134M,5345M,16M,24M
1621812323,43,6,50,0,0,1680M,466M,134M,5348M,20M,37M
1621812324,39,5,51,5,0,1734M,405M,134M,5354M,29M,49M
1621812325,39,5,55,0,0,1683M,448M,134M,5362M,30M,52M
1621812326,62,6,31,0,0,1808M,318M,134M,5366M,22M,40M
1621812327,42,6,51,1,0,1757M,365M,134M,5371M,22M,37M
1621812328,39,5,55,0,0,1672M,448M,134M,5373M,14M,26M
1621812329,31,3,65,1,0,1664M,452M,134M,5377M,20M,36M
1621812330,16,3,81,1,0,1678M,433M,134M,5382M,33M,59M
1621812331,24,4,72,0,0,1673M,426M,134M,5393M,36M,57M
1621812332,7,2,90,1,0,1682M,416M,134M,5394M,14M,27M
1621812333,11,3,85,0,0,1624M,473M,134M,5396M,24M,45M
1621812334,19,2,78,1,0,1619M,473M,134M,5400M,18M,30M
1621812335,26,3,68,2,0,1679M,407M,134M,5406M,18M,30M
1621812336,26,3,71,0,0,1684M,393M,134M,5414M,35M,61M
1621812337,18,3,79,1,0,1698M,371M,134M,5422M,22M,36M
1621812338,43,2,54,1,0,1722M,346M,134M,5423M,31M,58M
1621812339,32,3,65,0,0,1659M,404M,134M,5429M,21M,35M
1621812340,18,2,80,1,0,1675M,385M,134M,5432M,23M,42M
1621812341,27,2,71,0,0,1721M,336M,134M,5434M,13M,24M
1621812342,15,5,79,1,0,1745M,304M,134M,5441M,23M,37M
1621812343,38,5,57,0,0,1784M,260M,134M,5447M,21M,35M
1621812344,35,4,61,0,0,1656M,382M,134M,5453M,15M,23M
1621812345,17,2,79,2,0,1686M,348M,134M,5455M,23M,44M
1621812346,16,2,81,1,0,1609M,424M,134M,5457M,14M,25M
1621812347,4,2,93,1,0,1609M,424M,134M,5457M,1921k,3626k
1621812348,7,3,90,1,0,1608M,425M,134M,5457M,2748k,5136k
1621812349,4,2,94,0,0,1608M,425M,134M,5457M,13k,11k
1621812350,7,2,90,1,0,1607M,426M,134M,5457M,4164k,7993k
1621812351,4,2,94,0,0,1607M,426M,134M,5457M,17k,16k
1621812352,8,4,88,0,0,1612M,420M,134M,5459M,6525k,10M
1621812353,6,3,90,0,0,1613M,418M,134M,5459M,2424k,4665k
1621812354,9,2,89,0,0,1610M,421M,134M,5459M,4768k,9069k
1621812355,10,3,84,4,0,1614M,414M,134M,5462M,12M,20M
1621812356,8,4,88,0,0,1619M,407M,134M,5464M,7102k,11M
1621812357,10,2,87,1,0,1624M,400M,134M,5467M,7541k,12M
1621812358,11,3,85,1,0,1624M,397M,134M,5469M,8069k,12M
1621812359,4,1,95,0,0,1625M,396M,134M,5469M,19k,18k
1621812360,19,3,76,2,0,1625M,392M,134M,5473M,14M,23M
1621812361,22,3,74,1,0,1669M,346M,134M,5475M,11M,20M
1621812362,9,3,88,1,0,1674M,340M,134M,5476M,12M,22M
1621812363,35,5,60,0,0,1736M,268M,134M,5485M,27M,44M
1621812364,46,4,49,0,0,1670M,324M,134M,5495M,40M,70M
1621812365,11,2,87,0,0,1695M,294M,134M,5500M,23M,41M
1621812366,17,2,76,4,0,1679M,306M,134M,5504M,26M,46M
1621812367,12,3,85,1,0,1675M,307M,134M,5507M,18M,33M
1621812368,11,3,73,13,0,1685M,296M,134M,5508M,11M,20M
1621812369,22,9,55,14,0,1695M,264M,135M,5529M,25M,43M
1621812370,23,4,72,2,0,1745M,211M,135M,5532M,26M,48M
1621812371,21,2,76,0,0,1676M,278M,135M,5534M,12M,21M
1621812372,10,4,85,1,0,1674M,277M,135M,5537M,10M,18M
1621812373,35,6,59,0,0,1724M,217M,135M,5546M,31M,51M
1621812374,39,3,57,1,0,1649M,292M,135M,5546M,15M,30M
1621812375,57,5,38,0,0,1761M,176M,135M,5550M,14M,24M
1621812376,19,3,77,1,0,1755M,180M,135M,5552M,14M,25M
1621812377,46,5,48,0,0,1847M,137M,134M,5506M,29M,50M
1621812378,58,6,35,1,0,1715M,268M,134M,5507M,10M,18M
1621812379,55,6,39,0,0,1759M,222M,134M,5509M,12M,21M
1621812380,45,6,49,0,0,1858M,117M,134M,5515M,21M,34M
1621812381,89,10,0,0,0,1873M,121M,134M,5496M,26M,47M
1621812382,70,8,21,1,0,1996M,122M,132M,5376M,9018k,17M
1621812383,58,7,35,0,0,2010M,124M,132M,5361M,13M,23M
1621812384,90,7,3,0,0,2126M,116M,131M,5257M,12M,19M
1621812385,92,8,0,0,0,2038M,274M,130M,5190M,15M,28M
1621812386,93,7,0,0,0,2085M,226M,130M,5191M,4521k,7413k
1621812387,74,8,18,1,0,1801M,510M,130M,5191M,5820k,11M
1621812388,78,7,14,0,0,1945M,363M,130M,5193M,12M,21M
1621812389,34,4,62,0,0,1986M,322M,130M,5193M,7522k,13M
1621812390,47,4,48,0,0,2098M,210M,130M,5193M,8851k,16M
1621812391,72,6,21,0,0,2230M,121M,129M,5153M,36M,59M
1621812392,58,6,29,6,0,1987M,380M,129M,5136M,5972k,11M
1621812393,79,13,6,2,0,2108M,253M,129M,5142M,5930k,11M
1621812394,58,7,33,2,0,1874M,485M,129M,5144M,11M,18M
1621812395,42,4,54,1,0,1879M,474M,129M,5151M,29M,51M
1621812396,17,3,80,1,0,1890M,458M,129M,5155M,17M,29M
1621812397,12,3,85,1,0,1878M,467M,129M,5157M,19M,35M
1621812398,6,2,92,1,0,1815M,530M,129M,5158M,5765k,10M
1621812399,17,3,80,1,0,1822M,518M,129M,5163M,18M,30M
1621812400,11,3,86,0,0,1818M,521M,129M,5164M,15M,28M
1621812401,9,2,88,1,0,1766M,570M,129M,5166M,12M,21M
1621812402,13,2,85,1,0,1776M,555M,129M,5172M,33M,58M
1621812403,17,4,79,1,0,1724M,603M,129M,5175M,17M,31M
1621812404,16,2,82,0,0,1717M,600M,129M,5185M,46M,80M
1621812405,17,3,80,1,0,1729M,580M,129M,5192M,32M,54M
1621812406,10,1,89,0,0,1673M,635M,129M,5194M,15M,27M
1621812407,8,4,87,1,0,1616M,688M,129M,5198M,7377k,10M
1621812408,20,2,78,0,0,1632M,664M,129M,5205M,36M,62M
1621812409,20,2,78,1,0,1634M,652M,129M,5215M,27M,44M
1621812410,10,3,87,0,0,1625M,656M,129M,5220M,24M,43M
1621812411,19,2,78,1,0,1636M,643M,129M,5222M,17M,31M
1621812412,20,4,76,1,0,1662M,614M,129M,5225M,20M,35M
1621812413,20,4,76,0,0,1682M,590M,129M,5229M,15M,26M
1621812414,35,4,60,1,0,1624M,644M,129M,5232M,15M,25M
1621812415,34,3,62,0,0,1668M,591M,129M,5241M,24M,39M
1621812416,44,4,52,0,0,1754M,501M,129M,5245M,42M,78M
1621812417,45,5,50,1,0,1755M,488M,129M,5257M,38M,60M
1621812418,28,4,68,0,0,1795M,445M,129M,5260M,26M,50M
1621812419,58,4,37,0,0,1817M,422M,129M,5261M,17M,32M
1621812420,66,7,27,0,0,1753M,486M,129M,5262M,10M,19M
1621812421,19,3,78,0,0,1779M,458M,129M,5262M,17M,33M
1621812422,30,4,65,1,0,1828M,405M,129M,5266M,11M,18M
1621812423,36,7,56,0,0,1736M,488M,129M,5275M,29M,47M
1621812424,24,4,72,0,0,1671M,548M,129M,5280M,23M,41M
1621812425,7,2,90,1,0,1676M,542M,129M,5282M,24M,46M
1621812426,15,3,82,0,0,1609M,602M,129M,5287M,21M,36M
1621812427,15,3,81,1,0,1615M,590M,129M,5294M,21M,34M
1621812428,24,3,73,0,0,1673M,529M,129M,5296M,23M,44M
1621812429,15,2,82,1,0,1660M,540M,129M,5299M,28M,51M
1621812430,56,4,37,2,0,1762M,431M,129M,5306M,28M,47M
1621812431,47,3,49,0,0,1730M,459M,129M,5310M,25M,46M
1621812432,46,5,49,1,0,1696M,490M,129M,5313M,16M,29M
1621812433,33,6,60,0,0,1726M,449M,129M,5323M,32M,54M
1621812434,17,2,80,0,0,1659M,515M,129M,5325M,24M,45M
1621812435,9,2,87,3,0,1611M,561M,129M,5326M,14M,26M
1621812436,23,3,74,0,0,1617M,539M,129M,5341M,36M,54M
1621812437,15,2,82,1,0,1615M,538M,129M,5344M,32M,59M
1621812438,12,1,87,0,0,1617M,532M,129M,5348M,25M,44M
1621812439,42,3,54,1,0,1660M,483M,129M,5354M,23M,39M
1621812440,28,3,65,4,0,1731M,409M,129M,5357M,17M,30M
1621812441,35,4,60,1,0,1773M,365M,129M,5359M,15M,28M
1621812442,64,6,30,0,0,1762M,371M,129M,5364M,33M,58M
1621812443,40,6,54,0,0,1726M,398M,129M,5372M,28M,46M
1621812444,17,2,81,0,0,1677M,446M,129M,5374M,14M,26M
1621812445,21,3,70,5,0,1633M,483M,129M,5380M,19M,31M
1621812446,60,7,33,0,0,1738M,374M,129M,5384M,32M,57M
1621812447,45,5,50,1,0,1820M,291M,129M,5385M,14M,25M
1621812448,71,6,23,0,0,1939M,167M,129M,5390M,19M,31M
1621812449,93,6,1,0,0,1953M,150M,129M,5393M,12M,21M
1621812450,91,9,1,0,0,1876M,224M,129M,5395M,16M,30M
1621812451,71,6,22,1,0,1889M,210M,129M,5397M,14M,24M
1621812452,39,5,56,0,0,1855M,238M,129M,5403M,22M,37M
1621812453,34,4,61,0,0,1891M,196M,129M,5409M,25M,43M
1621812454,23,3,75,0,0,1826M,257M,129M,5413M,20M,34M
1621812455,14,2,84,1,0,1824M,256M,129M,5416M,16M,28M
1621812456,7,1,89,3,0,1828M,250M,129M,5417M,15M,28M
1621812457,12,3,84,1,0,1767M,310M,129M,5419M,6771k,11M
1621812458,9,2,90,0,0,1717M,358M,129M,5420M,12M,23M
1621812459,24,3,73,0,0,1664M,402M,129M,5429M,24M,39M
1621812460,7,2,90,1,0,1666M,400M,129M,5429M,11M,21M
1621812461,47,6,45,2,0,1765M,299M,129M,5431M,15M,28M
1621812462,12,3,84,1,0,1767M,296M,129M,5431M,5327k,10M
1621812463,26,3,70,0,0,1815M,248M,129M,5432M,6203k,10M
1621812464,79,7,13,1,0,1913M,145M,129M,5436M,20M,36M
1621812465,38,5,57,0,0,1787M,272M,129M,5436M,9019k,17M
1621812466,52,5,40,2,0,1879M,177M,129M,5438M,13M,22M
1621812467,52,3,41,4,0,1960M,131M,129M,5405M,8152k,12M
1621812468,63,5,31,0,0,1846M,261M,129M,5390M,18M,30M
1621812469,58,6,36,1,0,1931M,165M,129M,5401M,34M,55M
1621812470,13,3,83,1,0,1948M,147M,129M,5402M,22M,43M
1621812471,31,3,66,0,0,2004M,125M,128M,5368M,9030k,14M
1621812472,29,5,64,2,0,1941M,187M,129M,5369M,14M,26M
1621812473,15,3,82,0,0,1970M,158M,129M,5370M,12M,23M
1621812474,32,4,64,0,0,2020M,121M,128M,5357M,19M,31M
1621812475,61,5,33,0,0,2089M,136M,127M,5275M,26M,45M
1621812476,29,4,67,0,0,2069M,154M,127M,5277M,24M,45M
1621812477,48,6,44,3,0,2120M,139M,127M,5243M,17M,32M
1621812478,48,6,39,7,0,2095M,177M,127M,5231M,24M,42M
1621812479,20,3,77,0,0,2097M,171M,127M,5235M,16M,28M
1621812480,33,4,63,1,0,2042M,224M,127M,5237M,14M,25M
1621812481,28,3,68,0,0,2086M,177M,127M,5239M,8784k,14M
1621812482,24,4,71,1,0,2136M,144M,127M,5223M,5979k,11M
1621812483,11,3,86,0,0,2134M,145M,127M,5224M,5606k,9267k
1621812484,29,3,68,0,0,2176M,121M,126M,5206M,4591k,8646k
1621812485,68,7,25,0,0,2215M,127M,126M,5162M,1163k,2057k
1621812486,48,4,47,0,0,2308M,129M,125M,5070M,303k,210k
1621812487,59,6,34,1,0,2213M,225M,125M,5070M,223k,176k
1621812488,18,2,80,0,0,2243M,195M,125M,5070M,139k,78k
1621812489,8,3,89,0,0,2245M,193M,125M,5070M,64k,52k
1621812490,6,3,90,1,0,2191M,247M,125M,5070M,109k,76k
1621812491,5,2,93,0,0,2191M,247M,125M,5070M,99k,177k
1621812492,8,3,88,1,0,2212M,225M,125M,5071M,108k,185k
1621812493,10,4,86,0,0,1784M,653M,125M,5071M,316k,271k
1621812494,7,2,91,1,0,1603M,834M,125M,5071M,240k,154k
1621812495,5,2,93,0,0,1602M,834M,125M,5071M,18k,17k
1621812496,4,3,93,0,0,1602M,834M,125M,5071M,22k,20k
1621812497,14,3,82,1,0,1622M,802M,125M,5083M,23M,32M
1621812498,13,2,84,0,0,1604M,815M,125M,5088M,14M,22M
1621812499,29,3,67,1,0,1675M,744M,125M,5088M,218k,137k
1621812500,32,3,65,0,0,1629M,790M,125M,5088M,6372k,12M
1621812501,16,2,82,0,0,1654M,764M,125M,5088M,16M,31M
1621812502,6,3,90,1,0,1655M,763M,125M,5088M,2825k,5490k
1621812503,12,3,86,0,0,1664M,754M,125M,5088M,368k,522k
1621812504,51,5,44,0,0,1694M,701M,125M,5112M,76M,115M
1621812505,19,3,78,0,0,1681M,708M,125M,5117M,78M,148M
1621812506,4,2,94,0,0,1683M,706M,125M,5117M,10M,20M
1621812507,17,4,78,1,0,1664M,717M,125M,5125M,27M,46M
1621812508,15,2,83,1,0,1641M,738M,125M,5127M,23M,43M
1621812509,7,2,90,0,0,1649M,726M,125M,5131M,16M,27M
1621812510,5,2,92,1,0,1649M,727M,125M,5131M,10M,20M
1621812511,9,2,89,0,0,1654M,716M,125M,5136M,12M,18M
1621812512,20,4,75,1,0,1656M,706M,125M,5143M,43M,78M
1621812513,10,3,87,0,0,1658M,702M,125M,5146M,31M,58M
1621812514,26,3,70,2,0,1657M,689M,125M,5159M,44M,74M
1621812515,10,3,87,1,0,1665M,675M,125M,5165M,26M,46M
1621812516,15,2,83,0,0,1646M,689M,125M,5169M,23M,40M
1621812517,13,2,84,1,0,1641M,690M,125M,5173M,18M,31M
1621812518,17,2,81,0,0,1639M,683M,125M,5182M,46M,82M
1621812519,12,3,84,1,0,1633M,689M,125M,5183M,16M,32M
1621812520,9,2,88,1,0,1639M,680M,125M,5185M,17M,31M
1621812521,16,3,81,1,0,1646M,663M,125M,5195M,37M,63M
1621812522,12,3,85,1,0,1646M,661M,125M,5197M,18M,33M
1621812523,19,3,78,1,0,1625M,678M,125M,5201M,23M,41M
1621812524,8,2,90,0,0,1630M,669M,125M,5204M,22M,40M
1621812525,8,2,89,1,0,1626M,671M,125M,5207M,19M,34M
1621812526,18,3,78,0,0,1633M,655M,125M,5216M,28M,45M
1621812527,10,3,86,1,0,1643M,640M,125M,5220M,25M,45M
1621812528,17,2,81,0,0,1630M,646M,125M,5227M,26M,45M
1621812529,18,3,76,2,0,1630M,637M,125M,5236M,33M,57M
1621812530,8,2,90,0,0,1630M,632M,125M,5240M,17M,29M
1621812531,11,2,86,1,0,1621M,641M,125M,5241M,14M,26M
1621812532,20,4,75,1,0,1626M,626M,125M,5250M,26M,43M
1621812533,13,3,84,1,0,1616M,634M,125M,5252M,14M,25M
1621812534,8,2,88,2,0,1616M,633M,125M,5253M,14M,27M
1621812535,10,2,87,1,0,1618M,628M,125M,5256M,11M,19M
1621812536,27,3,69,0,0,1666M,578M,125M,5258M,9593k,16M
1621812537,16,4,80,1,0,1670M,570M,125M,5262M,14M,23M
1621812538,44,5,51,0,0,1760M,478M,125M,5263M,7954k,14M
1621812539,53,5,41,1,0,1750M,483M,125M,5268M,12M,20M
1621812540,59,5,35,1,0,1730M,502M,125M,5269M,12M,22M
1621812541,27,3,70,1,0,1759M,471M,125M,5272M,10M,17M
1621812542,35,4,60,0,0,1814M,411M,125M,5277M,13M,20M
1621812543,40,6,54,0,0,1789M,431M,125M,5281M,21M,36M
1621812544,38,3,58,0,0,1871M,347M,125M,5282M,6736k,12M
1621812545,14,2,81,3,0,1859M,358M,125M,5284M,10M,18M
1621812546,34,3,63,0,0,1853M,364M,125M,5284M,5422k,9996k
1621812547,43,4,51,1,0,1858M,356M,125M,5286M,5851k,8946k
1621812548,62,4,34,0,0,1950M,263M,125M,5288M,8083k,13M
1621812549,40,5,55,0,0,1914M,298M,125M,5289M,6227k,12M
1621812550,18,3,76,3,0,1886M,325M,125M,5290M,7676k,13M
1621812551,58,6,35,1,0,2004M,207M,125M,5290M,7667k,14M
1621812552,72,10,18,0,0,2043M,179M,125M,5279M,9506k,12M
1621812553,89,10,1,0,0,2134M,159M,124M,5211M,17M,32M
1621812554,91,8,1,0,0,2078M,214M,124M,5212M,8042k,14M
1621812555,89,8,2,1,0,2024M,268M,124M,5213M,2932k,4909k
1621812556,76,6,18,0,0,2029M,263M,124M,5213M,6150k,11M
1621812557,72,6,22,1,0,2049M,242M,124M,5213M,5893k,11M
1621812558,56,5,39,0,0,2055M,235M,124M,5214M,7791k,14M
1621812559,31,3,66,0,0,2110M,174M,124M,5219M,14M,21M
1621812560,44,4,49,3,0,2110M,174M,124M,5220M,11M,21M
1621812561,33,5,62,0,0,2085M,198M,124M,5221M,16M,30M
1621812562,15,3,81,1,0,2107M,175M,124M,5222M,10M,18M
1621812563,37,3,59,0,0,2145M,134M,124M,5225M,15M,26M
1621812564,40,4,56,0,0,2106M,166M,124M,5232M,26M,43M
1621812565,19,2,78,1,0,2116M,152M,124M,5235M,16M,27M
1621812566,27,4,68,1,0,2169M,131M,123M,5205M,14M,23M
1621812567,23,3,74,1,0,2204M,120M,123M,5181M,28M,49M
1621812568,42,4,54,0,0,2011M,312M,123M,5183M,15M,28M
1621812569,22,2,75,0,0,2043M,279M,123M,5184M,19M,37M
1621812570,24,2,73,0,0,2084M,234M,123M,5189M,23M,41M
1621812571,21,4,74,2,0,2052M,264M,123M,5191M,16M,29M
1621812572,33,4,63,0,0,2090M,223M,123M,5193M,8509k,14M
1621812573,29,5,66,1,0,2032M,280M,123M,5194M,16M,32M
1621812574,10,3,87,0,0,2032M,278M,123M,5196M,9867k,17M
1621812575,25,3,71,0,0,2086M,222M,123M,5198M,13M,24M
1621812576,21,4,73,2,0,1839M,466M,123M,5201M,21M,39M
1621812577,42,3,53,1,0,1813M,491M,123M,5202M,12M,22M
1621812578,37,4,59,0,0,1875M,423M,123M,5207M,31M,54M
1621812579,28,3,69,0,0,1899M,396M,123M,5210M,15M,26M
1621812580,36,3,61,0,0,1838M,450M,123M,5216M,18M,28M
1621812581,34,4,62,1,0,1872M,413M,123M,5220M,20M,35M
1621812582,11,3,86,1,0,1786M,498M,123M,5220M,19M,38M
1621812583,12,5,82,0,0,1785M,494M,123M,5225M,13M,20M
1621812584,16,2,82,0,0,1784M,491M,123M,5229M,24M,42M
1621812585,6,2,91,1,0,1784M,491M,123M,5230M,8677k,17M
1621812586,31,4,65,1,0,1802M,468M,123M,5234M,20M,34M
1621812587,23,3,73,1,0,1708M,559M,123M,5237M,25M,45M
1621812588,18,2,80,0,0,1692M,570M,123M,5241M,23M,41M
1621812589,39,5,56,0,0,1627M,627M,123M,5249M,29M,50M
1621812590,28,3,69,0,0,1665M,586M,123M,5252M,11M,18M
1621812591,9,3,88,1,0,1671M,580M,123M,5252M,7262k,13M
1621812592,16,3,80,1,0,1669M,577M,123M,5257M,15M,24M
1621812593,19,5,76,1,0,1672M,570M,123M,5261M,34M,61M
1621812594,27,2,71,0,0,1668M,564M,123M,5271M,31M,50M
1621812595,7,2,90,1,0,1622M,610M,123M,5271M,12M,22M
1621812596,11,2,85,2,0,1621M,606M,123M,5275M,28M,52M
1621812597,13,3,84,1,0,1616M,609M,123M,5278M,21M,37M
1621812598,16,3,81,0,0,1627M,590M,123M,5285M,27M,46M
1621812599,20,2,78,0,0,1619M,593M,123M,5291M,24M,40M
1621812600,13,1,85,0,0,1626M,580M,123M,5296M,24M,40M
1621812601,17,3,77,3,0,1635M,562M,123M,5305M,30M,51M
1621812602,8,3,88,1,0,1643M,550M,123M,5309M,11M,17M
1621812603,20,4,76,1,0,1627M,562M,123M,5312M,21M,39M
1621812604,21,3,76,0,0,1667M,523M,123M,5312M,8701k,16M
1621812605,29,3,68,0,0,1727M,461M,123M,5313M,23M,44M
1621812606,50,4,46,0,0,1808M,380M,123M,5313M,17M,32M
1621812607,46,4,50,0,0,1694M,489M,123M,5318M,20M,34M
1621812608,28,3,69,1,0,1755M,425M,123M,5322M,16M,27M
1621812609,15,2,83,0,0,1742M,434M,123M,5325M,15M,26M
1621812610,22,3,74,1,0,1715M,455M,123M,5332M,23M,39M
1621812611,22,4,73,1,0,1746M,419M,123M,5336M,22M,39M
1621812612,26,3,68,3,0,1777M,383M,123M,5340M,14M,23M
1621812613,28,3,69,0,0,1730M,431M,123M,5340M,13M,25M
1621812614,30,3,67,0,0,1681M,474M,123M,5345M,18M,31M
1621812615,12,2,86,0,0,1693M,458M,123M,5350M,24M,44M
1621812616,11,2,87,0,0,1675M,475M,123M,5350M,14M,27M
1621812617,7,2,87,4,0,1682M,468M,123M,5351M,7261k,13M
1621812618,24,3,72,0,0,1676M,471M,123M,5353M,9782k,16M
1621812619,12,3,85,0,0,1699M,448M,123M,5353M,7504k,14M
1621812620,31,4,65,0,0,1724M,418M,123M,5358M,25M,45M
1621812621,37,2,61,0,0,1671M,465M,123M,5364M,26M,43M
1621812622,16,2,80,2,0,1676M,460M,123M,5365M,11M,20M
1621812623,25,4,71,0,0,1681M,443M,123M,5376M,31M,50M
1621812624,5,2,93,1,0,1681M,442M,123M,5376M,8477k,16M
1621812625,8,2,90,0,0,1684M,438M,123M,5378M,14M,25M
1621812626,18,2,79,1,0,1676M,440M,123M,5384M,24M,42M
1621812627,18,4,76,2,0,1696M,414M,123M,5389M,15M,26M
1621812628,22,3,75,1,0,1664M,445M,123M,5390M,10M,19M
1621812629,22,4,75,0,0,1700M,398M,123M,5401M,28M,43M
1621812630,59,5,35,1,0,1778M,315M,123M,5405M,14M,24M
1621812631,29,5,58,8,0,1733M,360M,123M,5405M,520k,248k
1621812632,27,5,56,12,0,1781M,312M,123M,5406M,501k,270k
1621812633,42,11,33,14,0,1692M,400M,123M,5406M,87k,109k
1621812634,28,10,53,9,0,1666M,416M,124M,5416M,661k,822k
1621812635,29,4,66,2,0,1727M,346M,124M,5421M,65k,49k
1621812636,32,4,63,1,0,1772M,294M,124M,5426M,139k,93k
1621812637,15,3,82,1,0,1772M,294M,124M,5426M,134k,155k
1621812638,33,3,62,1,0,1823M,242M,124M,5427M,80k,59k
1621812639,13,2,86,0,0,1767M,297M,124M,5427M,620k,876k
1621812640,10,2,88,1,0,1769M,295M,124M,5427M,37k,49k
1621812641,5,2,92,0,0,1766M,299M,124M,5427M,64k,38k
1621812642,7,4,88,1,0,1782M,282M,124M,5427M,72k,51k
1621812643,7,3,90,0,0,1764M,300M,124M,5427M,43k,32k
1621812644,3,2,94,1,0,1763M,302M,124M,5427M,20k,19k
1621812645,6,2,91,1,0,1764M,301M,124M,5427M,68k,37k
1621812646,3,2,94,1,0,1763M,301M,124M,5427M,19k,16k
1621812647,5,2,93,0,0,1762M,302M,124M,5427M,24k,25k
1621812648,5,3,92,1,0,1761M,303M,124M,5427M,56k,33k
1621812649,4,2,94,0,0,1761M,303M,124M,5427M,6935B,6002B
1621812650,4,2,94,1,0,1761M,303M,124M,5427M,26k,36k
1621812651,12,3,84,1,0,1758M,306M,124M,5427M,69k,42k
1621812652,11,3,85,1,0,1762M,302M,124M,5427M,62k,49k
1621812653,5,4,90,0,0,1758M,306M,124M,5427M,6974B,8083B
1621812654,4,2,94,0,0,1758M,306M,124M,5427M,16k,14k
1621812655,4,2,94,1,0,1758M,306M,124M,5427M,48k,31k
1621812656,4,2,94,0,0,1758M,306M,124M,5427M,20k,19k
1621812657,4,1,94,1,0,1758M,306M,124M,5427M,20k,19k
1621812658,6,2,91,1,0,1758M,306M,124M,5427M,61k,38k
1621812659,4,2,95,0,0,1758M,306M,124M,5427M,13k,13k
1621812660,4,3,93,0,0,1758M,306M,124M,5427M,19k,17k
1621812661,5,2,92,0,0,1757M,307M,124M,5427M,64k,36k
1621812662,7,3,90,1,0,1762M,302M,124M,5427M,58k,45k
1621812663,7,3,89,0,0,1757M,307M,124M,5427M,37k,19k
1621812664,6,2,92,1,0,1757M,307M,124M,5427M,17k,15k
1621812665,3,2,95,0,0,1757M,307M,124M,5427M,11k,9265B
1621812666,4,2,94,0,0,1757M,307M,124M,5427M,26k,24k
1621812667,5,2,93,1,0,1757M,307M,124M,5427M,25k,24k
1621812668,3,3,94,1,0,1758M,306M,124M,5427M,63k,40k
1621812669,4,3,94,0,0,1758M,306M,124M,5427M,6494B,21k
1621812670,5,1,93,1,0,1758M,306M,124M,5427M,23k,22k
1621812671,6,3,90,1,0,1758M,306M,124M,5427M,82k,51k
1621812672,6,3,90,2,0,1763M,301M,124M,5427M,51k,38k
1621812673,7,5,88,0,0,1757M,307M,124M,5427M,15k,14k
1621812674,4,2,94,1,0,1757M,307M,124M,5427M,16k,15k
1621812675,12,8,77,3,0,1773M,286M,124M,5432M,15k,13k
1621812676,9,3,87,1,0,1766M,284M,124M,5441M,51k,29k
1621812677,6,3,90,1,0,1765M,285M,124M,5441M,41k,29k
1621812678,4,2,94,0,0,1765M,285M,124M,5441M,17k,14k
1621812679,5,2,93,0,0,1760M,290M,124M,5441M,55k,33k
1621812680,4,1,95,0,0,1759M,290M,124M,5441M,13k,11k
1621812681,6,2,92,1,0,1758M,292M,124M,5441M,66k,38k
1621812682,8,2,89,1,0,1764M,286M,124M,5441M,60k,49k
1621812683,7,2,90,0,0,1758M,292M,124M,5441M,26k,20k
1621812684,4,1,95,0,0,1757M,292M,124M,5441M,15k,14k
1621812685,6,2,92,1,0,1757M,292M,124M,5441M,17k,14k
1621812686,4,1,95,0,0,1759M,291M,124M,5441M,16k,14k
1621812687,5,2,93,1,0,1759M,291M,124M,5441M,33k,33k
1621812688,4,2,94,0,0,1758M,291M,124M,5441M,14k,12k
1621812689,4,2,93,1,0,1758M,291M,124M,5441M,47k,25k
1621812690,4,2,94,0,0,1758M,291M,124M,5441M,17k,18k
1621812691,6,2,92,1,0,1757M,292M,124M,5441M,70k,43k
1621812692,7,3,89,1,0,1758M,291M,124M,5441M,55k,44k
1621812693,7,3,90,0,0,1754M,295M,124M,5441M,22k,15k
1621812694,5,3,92,0,0,1754M,295M,124M,5441M,14k,13k
1621812695,6,2,92,1,0,1754M,295M,124M,5441M,19k,17k
1621812696,4,2,94,0,0,1753M,296M,124M,5441M,18k,19k
1621812697,4,2,93,1,0,1753M,296M,124M,5441M,33k,31k
1621812698,4,2,94,0,0,1753M,296M,124M,5441M,14k,14k
1621812699,7,2,91,1,0,1753M,296M,124M,5441M,73k,49k
1621812700,4,2,94,0,0,1753M,296M,124M,5441M,11k,18k
1621812701,6,3,91,1,0,1754M,296M,124M,5441M,76k,47k
